{
	"credit": "Made with Blockbench",
	"texture_size": [32, 32],
	"textures": {
		"3": "item/button/button"
	},
	"elements": [
		{
			"from": [5.5, 0, 5.5],
			"to": [10.5, 1, 10.5],
			"faces": {
				"north": {"uv": [6.5, 2, 9, 2.5], "texture": "#3"},
				"east": {"uv": [6.5, 2.5, 9, 3], "texture": "#3"},
				"south": {"uv": [6.5, 3, 9, 3.5], "texture": "#3"},
				"west": {"uv": [6.5, 3.5, 9, 4], "texture": "#3"},
				"up": {"uv": [2.5, 2.5, 0, 0], "texture": "#3"},
				"down": {"uv": [2.5, 2.5, 0, 5], "texture": "#3"}
			}
		},
		{
			"from": [6.25, 1, 6.25],
			"to": [9.75, 2, 9.75],
			"faces": {
				"north": {"uv": [2, 6, 4, 7], "texture": "#3"},
				"east": {"uv": [0, 6.5, 2, 7.5], "texture": "#3"},
				"south": {"uv": [6.5, 0, 8.5, 1], "texture": "#3"},
				"west": {"uv": [6.5, 1, 8.5, 2], "texture": "#3"},
				"up": {"uv": [4.5, 2, 2.5, 0], "texture": "#3"},
				"down": {"uv": [4.5, 2, 2.5, 4], "texture": "#3"}
			}
		},
		{
			"from": [10, 2.25, 10],
			"to": [6, 0.25, 6],
			"faces": {
				"north": {"uv": [4.5, 2, 6.5, 3.5], "texture": "#3"},
				"east": {"uv": [4.5, 3.5, 6.5, 5], "texture": "#3"},
				"south": {"uv": [0, 5, 2, 6.5], "texture": "#3"},
				"west": {"uv": [4.5, 5, 6.5, 6.5], "texture": "#3"},
				"up": {"uv": [4.5, 6, 2.5, 4], "texture": "#3"},
				"down": {"uv": [6.5, 0, 4.5, 2], "texture": "#3"}
			}
		}
	],
	"gui_light": "front",
	"groups": [
		{
			"name": "group",
			"origin": [8, 8, 8],
			"color": 0,
			"nbt": "{}",
			"children": [0, 1, 2]
		}
	]
}