{
	"credit": "Made with Blockbench",
	"textures": {
		"6": "item/random/texture",
		"particle": "item/random/texture"
	},
	"elements": [
		{
			"from": [11.7, 0.1, 7.45],
			"to": [13.1, 2.1, 8.55],
			"rotation": {"angle": 0, "axis": "y", "origin": [8, 0, 8]},
			"faces": {
				"north": {"uv": [6, 4, 7.40625, 6], "texture": "#6"},
				"south": {"uv": [6, 6, 7.40625, 8], "texture": "#6"},
				"up": {"uv": [11.40625, 5.09375, 10, 4], "texture": "#6"},
				"down": {"uv": [7.40625, 10, 6, 11.09375], "texture": "#6"}
			}
		},
		{
			"from": [13.2, 2.2, 8.65],
			"to": [11.6, 0, 7.35],
			"rotation": {"angle": 0, "axis": "y", "origin": [8, 0, 8]},
			"faces": {
				"north": {"uv": [4, 2, 5.59375, 4.1875], "texture": "#6"},
				"east": {"uv": [4, 2, 5.59375, 4.1875], "texture": "#6"},
				"south": {"uv": [4, 2, 5.59375, 4.1875], "texture": "#6"},
				"west": {"uv": [4, 2, 5.59375, 4.1875], "texture": "#6"},
				"up": {"uv": [5.59375, 4.1875, 4, 2], "texture": "#6"},
				"down": {"uv": [5.59375, 2, 4, 4.1875], "texture": "#6"}
			}
		},
		{
			"from": [10.1, 0.1, 7.45],
			"to": [11.5, 2.1, 8.55],
			"rotation": {"angle": 0, "axis": "y", "origin": [8, 0, 8]},
			"faces": {
				"north": {"uv": [7, 0, 8.40625, 2], "texture": "#6"},
				"south": {"uv": [4, 7, 5.40625, 9], "texture": "#6"},
				"up": {"uv": [11.40625, 7.09375, 10, 6], "texture": "#6"},
				"down": {"uv": [9.40625, 10, 8, 11.09375], "texture": "#6"}
			}
		},
		{
			"from": [11.6, 2.2, 8.65],
			"to": [10, 0, 7.35],
			"rotation": {"angle": 0, "axis": "y", "origin": [8, 0, 8]},
			"faces": {
				"north": {"uv": [0, 5, 1.59375, 7.1875], "texture": "#6"},
				"east": {"uv": [0, 5, 1.59375, 7.1875], "texture": "#6"},
				"south": {"uv": [0, 5, 1.59375, 7.1875], "texture": "#6"},
				"west": {"uv": [0, 5, 1.59375, 7.1875], "texture": "#6"},
				"up": {"uv": [1.59375, 7.1875, 0, 5], "texture": "#6"},
				"down": {"uv": [1.59375, 5, 0, 7.1875], "texture": "#6"}
			}
		},
		{
			"from": [8.3, 0.1, 7.45],
			"to": [9.9, 2.1, 8.55],
			"rotation": {"angle": 0, "axis": "y", "origin": [8, 0, 8]},
			"faces": {
				"north": {"uv": [5, 0, 6.59375, 2], "texture": "#6"},
				"south": {"uv": [4, 5, 5.59375, 7], "texture": "#6"},
				"up": {"uv": [5.59375, 10.09375, 4, 9], "texture": "#6"},
				"down": {"uv": [1.59375, 10, 0, 11.09375], "texture": "#6"}
			}
		},
		{
			"from": [9, 1.8, 7.35],
			"to": [9.2, 2.2, 8.65],
			"rotation": {"angle": 0, "axis": "y", "origin": [8, 0, 8]},
			"faces": {
				"east": {"uv": [4, 11, 5.3125, 11.40625], "texture": "#6"},
				"west": {"uv": [4, 11, 5.3125, 11.40625], "texture": "#6"},
				"down": {"uv": [5.3125, 11, 4, 11.40625], "texture": "#6"}
			}
		},
		{
			"from": [9, 0, 7.35],
			"to": [9.2, 0.5, 8.65],
			"rotation": {"angle": 0, "axis": "y", "origin": [8, 0, 8]},
			"faces": {
				"east": {"uv": [4, 11, 5.3125, 11.40625], "texture": "#6"},
				"west": {"uv": [4, 11, 5.3125, 11.40625], "texture": "#6"},
				"up": {"uv": [5.3125, 11.40625, 4, 11], "texture": "#6"}
			}
		},
		{
			"from": [10, 2.2, 8.65],
			"to": [8.2, 0, 7.35],
			"rotation": {"angle": 0, "axis": "y", "origin": [8, 0, 8]},
			"faces": {
				"north": {"uv": [2, 3, 3.8125, 5.1875], "texture": "#6"},
				"east": {"uv": [4, 11, 5.3125, 11.40625], "texture": "#6"},
				"south": {"uv": [2, 3, 3.8125, 5.1875], "texture": "#6"},
				"west": {"uv": [4, 11, 5.3125, 11.40625], "texture": "#6"},
				"up": {"uv": [9.8125, 9.3125, 8, 8], "texture": "#6"},
				"down": {"uv": [9.8125, 8, 8, 9.3125], "texture": "#6"}
			}
		},
		{
			"from": [6.7, 0.1, 7.45],
			"to": [8.1, 2.1, 8.55],
			"rotation": {"angle": 0, "axis": "y", "origin": [8, 0, 8]},
			"faces": {
				"north": {"uv": [0, 8, 1.40625, 10], "texture": "#6"},
				"south": {"uv": [8, 4, 9.40625, 6], "texture": "#6"},
				"up": {"uv": [11.40625, 9.09375, 10, 8], "texture": "#6"},
				"down": {"uv": [11.40625, 10, 10, 11.09375], "texture": "#6"}
			}
		},
		{
			"from": [6.8, 2, 8.65],
			"to": [6.6, 0.2, 7.35],
			"rotation": {"angle": 0, "axis": "y", "origin": [8, 0, 8]},
			"faces": {
				"north": {"uv": [4, 11, 5.3125, 11.40625], "texture": "#6"},
				"east": {"uv": [4, 11, 5.3125, 11.40625], "texture": "#6"},
				"south": {"uv": [4, 11, 5.3125, 11.40625], "texture": "#6"},
				"up": {"uv": [5.3125, 11.40625, 4, 11], "texture": "#6"},
				"down": {"uv": [5.3125, 11, 4, 11.40625], "texture": "#6"}
			}
		},
		{
			"from": [8.2, 2.2, 8.65],
			"to": [6.8, 0, 7.35],
			"rotation": {"angle": 0, "axis": "y", "origin": [8, 0, 8]},
			"faces": {
				"north": {"uv": [4, 11, 5.3125, 11.40625], "texture": "#6"},
				"east": {"uv": [2, 6, 3.3125, 8.1875], "texture": "#6"},
				"south": {"uv": [4, 11, 5.3125, 11.40625], "texture": "#6"},
				"west": {"uv": [4, 11, 5.3125, 11.40625], "texture": "#6"},
				"up": {"uv": [5.3125, 11.40625, 4, 11], "texture": "#6"},
				"down": {"uv": [5.3125, 11, 4, 11.40625], "texture": "#6"}
			}
		},
		{
			"from": [5.1, 0.1, 7.45],
			"to": [6.5, 2.1, 8.55],
			"rotation": {"angle": 0, "axis": "y", "origin": [8, 0, 8]},
			"faces": {
				"north": {"uv": [6, 8, 7.40625, 10], "texture": "#6"},
				"south": {"uv": [8, 6, 9.40625, 8], "texture": "#6"},
				"up": {"uv": [12.40625, 1.09375, 11, 0], "texture": "#6"},
				"down": {"uv": [3.40625, 11, 2, 12.09375], "texture": "#6"}
			}
		},
		{
			"from": [6.6, 2.2, 8.65],
			"to": [5, 0, 7.35],
			"rotation": {"angle": 0, "axis": "y", "origin": [8, 0, 8]},
			"faces": {
				"north": {"uv": [4, 11, 5.3125, 11.40625], "texture": "#6"},
				"east": {"uv": [4, 11, 5.3125, 11.40625], "texture": "#6"},
				"south": {"uv": [4, 11, 5.3125, 11.40625], "texture": "#6"},
				"west": {"uv": [4, 11, 5.3125, 11.40625], "texture": "#6"},
				"up": {"uv": [5.3125, 11.40625, 4, 11], "texture": "#6"},
				"down": {"uv": [5.3125, 11, 4, 11.40625], "texture": "#6"}
			}
		},
		{
			"from": [2.9, 0.1, 7.45],
			"to": [4.9, 2.1, 8.55],
			"rotation": {"angle": 0, "axis": "y", "origin": [8, 0, 8]},
			"faces": {
				"north": {"uv": [0, 3, 2, 5], "texture": "#6"},
				"east": {"uv": [9, 0, 10.09375, 2], "texture": "#6"},
				"south": {"uv": [3, 0, 5, 2], "texture": "#6"},
				"west": {"uv": [9, 1, 10.09375, 2], "texture": "#6"},
				"up": {"uv": [4, 10.09375, 2, 9], "texture": "#6"},
				"down": {"uv": [11, 2, 9, 3.09375], "texture": "#6"}
			}
		},
		{
			"from": [3.7, 0.5, 7.45],
			"to": [4.1, 0.5, 8.55],
			"rotation": {"angle": 0, "axis": "y", "origin": [8, 0, 8]},
			"faces": {
				"down": {"uv": [12.40625, 2, 12, 3.09375], "texture": "#6"}
			}
		},
		{
			"from": [3.6, 1.8, 7.35],
			"to": [4.2, 2.2, 8.65],
			"rotation": {"angle": 0, "axis": "y", "origin": [8, 0, 8]},
			"faces": {
				"east": {"uv": [0, 12, 1.3125, 12.40625], "texture": "#6"},
				"west": {"uv": [0, 12, 1.3125, 12.40625], "texture": "#6"},
				"down": {"uv": [11.59375, 2, 11, 3.3125], "texture": "#6"}
			}
		},
		{
			"from": [3.8, 1.4, 7.35],
			"to": [4, 1.8, 8.65],
			"rotation": {"angle": 0, "axis": "y", "origin": [8, 0, 8]},
			"faces": {
				"east": {"uv": [0, 12, 1.3125, 12.40625], "texture": "#6"},
				"west": {"uv": [0, 12, 1.3125, 12.40625], "texture": "#6"},
				"down": {"uv": [1.3125, 12, 0, 12.40625], "texture": "#6"}
			}
		},
		{
			"from": [3.6, 0, 7.35],
			"to": [4.2, 0.4, 8.65],
			"rotation": {"angle": 0, "axis": "y", "origin": [8, 0, 8]},
			"faces": {
				"east": {"uv": [0, 12, 1.3125, 12.40625], "texture": "#6"},
				"west": {"uv": [0, 12, 1.3125, 12.40625], "texture": "#6"},
				"up": {"uv": [1.3125, 12.40625, 0, 12], "texture": "#6"}
			}
		},
		{
			"from": [5, 2.2, 8.65],
			"to": [2.8, 0, 7.35],
			"rotation": {"angle": 0, "axis": "y", "origin": [8, 0, 8]},
			"faces": {
				"north": {"uv": [0, 0, 2.1875, 2.1875], "texture": "#6"},
				"east": {"uv": [0, 12, 1.3125, 12.40625], "texture": "#6"},
				"south": {"uv": [0, 0, 2.1875, 2.1875], "texture": "#6"},
				"west": {"uv": [0, 12, 1.3125, 12.40625], "texture": "#6"},
				"up": {"uv": [8.1875, 3.3125, 6, 2], "texture": "#6"},
				"down": {"uv": [8.1875, 2, 6, 3.3125], "texture": "#6"}
			}
		}
	],
	"groups": [
		{
			"name": "random",
			"origin": [0, 0, 0],
			"color": 0,
			"nbt": "{}",
			"children": [
				{
					"name": "r",
					"origin": [0, 0, 0],
					"color": 0,
					"nbt": "{}",
					"children": [0, 1]
				},
				{
					"name": "a",
					"origin": [0, 0, 0],
					"color": 0,
					"nbt": "{}",
					"children": [2, 3]
				},
				{
					"name": "n",
					"origin": [0, 0, 0],
					"color": 0,
					"nbt": "{}",
					"children": [4, 5, 6, 7]
				},
				{
					"name": "d",
					"origin": [0, 0, 0],
					"color": 0,
					"nbt": "{}",
					"children": [8, 9, 10]
				},
				{
					"name": "o",
					"origin": [0, 0, 0],
					"color": 0,
					"nbt": "{}",
					"children": [11, 12]
				},
				{
					"name": "m",
					"origin": [0, 0, 0],
					"color": 0,
					"nbt": "{}",
					"children": [13, 14, 15, 16, 17, 18]
				}
			]
		}
	]
}