{"stats":{"minecraft:custom":{"minecraft:jump":16,"minecraft:time_since_rest":2138,"minecraft:walk_on_water_one_cm":201,"minecraft:damage_taken":2307,"minecraft:crouch_one_cm":437,"minecraft:leave_game":2,"minecraft:play_time":82610,"minecraft:sprint_one_cm":2690,"minecraft:deaths":14,"minecraft:time_since_death":2137,"minecraft:walk_one_cm":1932,"minecraft:sneak_time":109,"minecraft:total_world_time":82610,"minecraft:fall_one_cm":1768,"minecraft:fly_one_cm":20387},"minecraft:killed_by":{"minecraft:player":1}},"DataVersion":3952}