{"stats":{"minecraft:crafted":{"minecraft:warped_planks":8,"minecraft:spruce_planks":8,"minecraft:birch_planks":12,"minecraft:cherry_planks":16,"minecraft:dark_oak_planks":4,"minecraft:crimson_planks":4,"minecraft:mangrove_planks":8,"minecraft:jungle_planks":12,"minecraft:acacia_planks":20},"minecraft:picked_up":{"minecraft:oak_fence":1,"minecraft:porkchop":1,"minecraft:warped_planks":1,"minecraft:honey_bottle":2,"minecraft:mangrove_roots":1,"minecraft:white_terracotta":1,"minecraft:birch_log":1,"minecraft:gray_concrete_powder":1,"minecraft:slime_block":1,"minecraft:emerald":1,"minecraft:end_stone_bricks":1,"minecraft:diamond_horse_armor":1,"minecraft:shield":1,"minecraft:red_bed":1,"minecraft:minecart":1,"minecraft:dark_oak_sapling":1,"minecraft:decorated_pot":64,"minecraft:pink_glazed_terracotta":1,"minecraft:lime_concrete_powder":1,"minecraft:acacia_wood":1,"minecraft:torchflower":1,"minecraft:purpur_stairs":1,"minecraft:paper":8,"minecraft:music_disc_far":1,"minecraft:red_concrete_powder":3,"minecraft:blast_furnace":1},"minecraft:custom":{"minecraft:open_shulker_box":1,"minecraft:leave_game":2,"minecraft:time_since_death":148089,"minecraft:sprint_one_cm":78173,"minecraft:drop":196,"minecraft:play_time":203214,"minecraft:deaths":8,"minecraft:jump":900,"minecraft:damage_dealt":948,"minecraft:player_kills":1,"minecraft:crouch_one_cm":69774,"minecraft:interact_with_anvil":1,"minecraft:mob_kills":3,"minecraft:climb_one_cm":245,"minecraft:walk_one_cm":29068,"minecraft:sneak_time":58220,"minecraft:boat_one_cm":4783,"minecraft:interact_with_blast_furnace":1,"minecraft:total_world_time":203214,"minecraft:time_since_rest":148090,"minecraft:damage_taken":4077,"minecraft:fly_one_cm":1413355,"minecraft:fall_one_cm":20741},"minecraft:mined":{"minecraft:raw_iron_block":1,"minecraft:birch_wall_sign":1,"minecraft:jungle_pressure_plate":1,"minecraft:stripped_bamboo_block":1,"minecraft:end_stone_bricks":1,"minecraft:red_bed":1,"minecraft:purpur_stairs":1,"minecraft:blast_furnace":1,"minecraft:slime_block":1,"minecraft:white_terracotta":1,"minecraft:mud":1,"minecraft:warped_planks":1,"minecraft:smooth_quartz":1,"minecraft:redstone_lamp":1,"minecraft:candle":1,"minecraft:mangrove_roots":1,"minecraft:jungle_planks":1,"minecraft:red_concrete_powder":3,"minecraft:jungle_fence_gate":1,"minecraft:pink_glazed_terracotta":1,"minecraft:oak_fence":1,"minecraft:lime_concrete_powder":1,"minecraft:dried_kelp_block":1},"minecraft:killed":{"minecraft:vindicator":2},"minecraft:used":{"minecraft:moss_block":30,"minecraft:tuff_bricks":9,"minecraft:moss_carpet":2,"minecraft:nether_brick_fence":1,"minecraft:light_blue_stained_glass_pane":2,"minecraft:waxed_exposed_cut_copper":39,"minecraft:red_sand":50,"minecraft:polished_deepslate":68,"minecraft:chiseled_deepslate":18,"minecraft:melon":30,"minecraft:ender_dragon_spawn_egg":1,"minecraft:smooth_quartz_slab":2,"minecraft:spruce_slab":2,"minecraft:red_sandstone_slab":2,"minecraft:dispenser":3,"minecraft:polished_blackstone":2,"minecraft:bone_block":1,"minecraft:oak_sign":1,"minecraft:white_concrete_powder":1,"minecraft:decorated_pot":74,"minecraft:chest":1,"minecraft:brown_concrete":17,"minecraft:white_terracotta":2,"minecraft:white_shulker_box":1,"minecraft:stone":246,"minecraft:purple_shulker_box":1,"minecraft:creeper_head":1,"minecraft:stripped_jungle_wood":2,"minecraft:bubble_coral":1,"minecraft:mossy_stone_brick_slab":1,"minecraft:smooth_sandstone_stairs":1,"minecraft:farmland":1,"minecraft:green_terracotta":14,"minecraft:iron_chestplate":1,"minecraft:white_candle":1,"minecraft:spruce_leaves":1,"minecraft:soul_campfire":1,"minecraft:mooshroom_spawn_egg":1,"minecraft:soul_sand":12,"minecraft:weathered_copper":1,"minecraft:orange_glazed_terracotta":13,"minecraft:jungle_planks":16,"minecraft:nether_bricks":1,"minecraft:cracked_deepslate_tiles":36,"minecraft:weathered_cut_copper_stairs":2,"minecraft:orange_wool":13,"minecraft:deepslate_brick_slab":1,"minecraft:acacia_button":1,"minecraft:tuff":18,"minecraft:beehive":12,"minecraft:cyan_wool":150,"minecraft:snowball":1,"minecraft:obsidian":88,"minecraft:milk_bucket":1,"minecraft:honey_bottle":2,"minecraft:red_sandstone_stairs":1,"minecraft:honey_block":37,"minecraft:packed_ice":1,"minecraft:cyan_terracotta":29,"minecraft:lava_bucket":5,"minecraft:mangrove_stairs":1,"minecraft:jungle_fence_gate":1,"minecraft:red_wool":9,"minecraft:spruce_wood":61,"minecraft:grass_block":157,"minecraft:green_wool":283,"minecraft:wet_sponge":1,"minecraft:warped_nylium":1,"minecraft:iron_helmet":3,"minecraft:netherite_hoe":5,"minecraft:gray_concrete_powder":117,"minecraft:dark_oak_slab":1,"minecraft:mossy_cobblestone_slab":1,"minecraft:cherry_leaves":1,"minecraft:raw_gold_block":8,"minecraft:waxed_weathered_cut_copper":1,"minecraft:dark_oak_button":1,"minecraft:diorite_wall":1,"minecraft:pink_wool":19,"minecraft:stone_bricks":1,"minecraft:horn_coral":1,"minecraft:honeycomb_block":1,"minecraft:bedrock":118,"minecraft:spruce_hanging_sign":1,"minecraft:vault":1,"minecraft:birch_trapdoor":1,"minecraft:dolphin_spawn_egg":1,"minecraft:red_stained_glass_pane":1,"minecraft:redstone_lamp":23,"minecraft:magma_block":11,"minecraft:bow":3,"minecraft:blue_shulker_box":1,"minecraft:mangrove_roots":32,"minecraft:hay_block":1,"minecraft:scaffolding":2,"minecraft:jungle_button":1,"minecraft:yellow_glazed_terracotta":1,"minecraft:furnace":1,"minecraft:cooked_cod":1,"minecraft:polished_diorite_stairs":1,"minecraft:gold_block":5,"minecraft:skeleton_skull":1,"minecraft:pink_concrete_powder":1,"minecraft:pearlescent_froglight":1,"minecraft:stripped_spruce_wood":1,"minecraft:lime_glazed_terracotta":1,"minecraft:mangrove_leaves":2,"minecraft:emerald_ore":1,"minecraft:dark_oak_stairs":1,"minecraft:waxed_oxidized_cut_copper_slab":1,"minecraft:diorite":1,"minecraft:bamboo_mosaic":2,"minecraft:end_stone_bricks":2,"minecraft:diamond_boots":1,"minecraft:dropper":1,"minecraft:dark_oak_sign":2,"minecraft:elder_guardian_spawn_egg":1,"minecraft:acacia_trapdoor":1,"minecraft:mangrove_planks":9,"minecraft:blackstone_stairs":1,"minecraft:jungle_fence":1,"minecraft:fox_spawn_egg":1,"minecraft:blackstone":158,"minecraft:black_glazed_terracotta":2,"minecraft:composter":1,"minecraft:lime_concrete_powder":2,"minecraft:structure_void":4,"minecraft:redstone_block":1,"minecraft:chainmail_helmet":1,"minecraft:jungle_pressure_plate":1,"minecraft:end_stone_brick_slab":1,"minecraft:parrot_spawn_egg":1,"minecraft:clay":13,"minecraft:purpur_pillar":1,"minecraft:smooth_quartz_stairs":1,"minecraft:white_wool":1,"minecraft:respawn_anchor":1,"minecraft:sand":9,"minecraft:purpur_stairs":1,"minecraft:lime_stained_glass_pane":1,"minecraft:waxed_weathered_cut_copper_slab":2,"minecraft:light_blue_wool":82,"minecraft:blast_furnace":37,"minecraft:yellow_concrete":1,"minecraft:blue_ice":1,"minecraft:stripped_cherry_wood":15,"minecraft:sponge":1,"minecraft:note_block":8,"minecraft:purple_terracotta":1,"minecraft:chiseled_quartz_block":1,"minecraft:gray_concrete":92,"minecraft:dripstone_block":108,"minecraft:lingering_potion":19,"minecraft:deepslate_lapis_ore":6,"minecraft:end_stone":1,"minecraft:red_sandstone_wall":1,"minecraft:purple_concrete_powder":1,"minecraft:exposed_copper":1,"minecraft:birch_fence":2,"minecraft:polished_tuff":80,"minecraft:deepslate_tiles":1,"minecraft:waxed_chiseled_copper":15,"minecraft:sticky_piston":1,"minecraft:green_concrete":71,"minecraft:red_sandstone":50,"minecraft:black_concrete":44,"minecraft:gray_shulker_box":2,"minecraft:daylight_detector":1,"minecraft:mace":5,"minecraft:crying_obsidian":14,"minecraft:chiseled_sandstone":1,"minecraft:stripped_bamboo_block":2,"minecraft:gray_stained_glass_pane":1,"minecraft:light_gray_concrete":7,"minecraft:heavy_weighted_pressure_plate":1,"minecraft:brown_wool":4,"minecraft:deepslate_iron_ore":1,"minecraft:stone_button":1,"minecraft:cyan_bed":1,"minecraft:string":19,"minecraft:barrier":51,"minecraft:warped_slab":1,"minecraft:verdant_froglight":1,"minecraft:polished_granite":2,"minecraft:cherry_sign":1,"minecraft:deepslate":9,"minecraft:cut_red_sandstone":1,"minecraft:prismarine_wall":1,"minecraft:gravel":34,"minecraft:flowering_azalea_leaves":1,"minecraft:soul_lantern":2,"minecraft:magenta_stained_glass_pane":1,"minecraft:granite_slab":2,"minecraft:ocelot_spawn_egg":2,"minecraft:smooth_red_sandstone_slab":2,"minecraft:exposed_cut_copper":2,"minecraft:deepslate_coal_ore":28,"minecraft:bubble_coral_block":1,"minecraft:waxed_oxidized_cut_copper_stairs":2,"minecraft:green_concrete_powder":38,"minecraft:andesite":44,"minecraft:chain":1,"minecraft:ice":1,"minecraft:pink_stained_glass":1,"minecraft:mossy_cobblestone_wall":1,"minecraft:tropical_fish_bucket":1,"minecraft:coarse_dirt":12,"minecraft:warped_button":1,"minecraft:oak_hanging_sign":1,"minecraft:purple_wool":93,"minecraft:experience_bottle":1,"minecraft:gray_stained_glass":1,"minecraft:cherry_boat":1,"minecraft:diorite_stairs":2,"minecraft:oak_fence":4,"minecraft:stripped_acacia_wood":7,"minecraft:orange_concrete_powder":9,"minecraft:trident":1,"minecraft:dead_tube_coral_block":7,"minecraft:polished_blackstone_brick_slab":1,"minecraft:enchanting_table":1,"minecraft:cherry_wood":1,"minecraft:acacia_log":1,"minecraft:orange_concrete":10,"minecraft:redstone_ore":1,"minecraft:red_concrete":1,"minecraft:stone_shovel":2,"minecraft:mycelium":1,"minecraft:light_blue_terracotta":8,"minecraft:silverfish_spawn_egg":1,"minecraft:spruce_planks":27,"minecraft:ender_chest":1,"minecraft:stripped_birch_wood":21,"minecraft:polished_blackstone_wall":1,"minecraft:sandstone_wall":3,"minecraft:dried_kelp_block":2,"minecraft:cut_copper_stairs":1,"minecraft:green_glazed_terracotta":8,"minecraft:dragon_egg":1,"minecraft:end_stone_brick_wall":1,"minecraft:dirt":80,"minecraft:anvil":2,"minecraft:target":1,"minecraft:cherry_pressure_plate":1,"minecraft:spruce_stairs":1,"minecraft:chainmail_chestplate":1,"minecraft:stone_stairs":1,"minecraft:raw_iron_block":17,"minecraft:pink_carpet":1,"minecraft:golden_chestplate":1,"minecraft:polished_granite_slab":1,"minecraft:granite":147,"minecraft:dead_brain_coral_block":19,"minecraft:mud_brick_stairs":1,"minecraft:nether_brick_stairs":1,"minecraft:polished_diorite":1,"minecraft:shroomlight":8,"minecraft:orange_candle":1,"minecraft:purple_stained_glass_pane":1,"minecraft:birch_door":1,"minecraft:brown_terracotta":31,"minecraft:dark_oak_planks":5,"minecraft:wooden_axe":1,"minecraft:sea_lantern":1,"minecraft:light_gray_stained_glass":1,"minecraft:muddy_mangrove_roots":10,"minecraft:iron_axe":1,"minecraft:oak_stairs":1,"minecraft:rooted_dirt":35,"minecraft:brick_stairs":1,"minecraft:slime_block":27,"minecraft:bamboo_hanging_sign":1,"minecraft:spawner":1,"minecraft:birch_hanging_sign":1,"minecraft:red_candle":1,"minecraft:polished_blackstone_brick_stairs":1,"minecraft:mud_bricks":1,"minecraft:pink_stained_glass_pane":1,"minecraft:barrel":6,"minecraft:crimson_planks":4,"minecraft:blaze_spawn_egg":1,"minecraft:prismarine_slab":1,"minecraft:waxed_exposed_cut_copper_slab":2,"minecraft:smooth_basalt":82,"minecraft:light_gray_wool":13,"minecraft:tadpole_bucket":1,"minecraft:basalt":32,"minecraft:magenta_terracotta":34,"minecraft:raw_copper_block":24,"minecraft:lime_concrete":6,"minecraft:magenta_wool":134,"minecraft:soul_soil":58,"minecraft:gray_glazed_terracotta":104,"minecraft:oxidized_copper":1,"minecraft:goat_horn":7,"minecraft:white_stained_glass_pane":1,"minecraft:netherite_pickaxe":4,"minecraft:acacia_wood":11,"minecraft:oxidized_copper_door":1,"minecraft:trapped_chest":1,"minecraft:orange_terracotta":8,"minecraft:cobbled_deepslate":56,"minecraft:acacia_planks":19,"minecraft:cooked_beef":1,"minecraft:zombified_piglin_spawn_egg":1,"minecraft:observer":1,"minecraft:mossy_stone_brick_wall":2,"minecraft:pumpkin":8,"minecraft:beetroot_soup":1,"minecraft:turtle_spawn_egg":1,"minecraft:calcite":19,"minecraft:quartz_bricks":1,"minecraft:water_bucket":1,"minecraft:chiseled_bookshelf":1,"minecraft:mangrove_wood":3,"minecraft:amethyst_block":17,"minecraft:cobblestone_stairs":1,"minecraft:tube_coral_block":1,"minecraft:pink_glazed_terracotta":1,"minecraft:sandstone_stairs":2,"minecraft:lodestone":9,"minecraft:warped_hanging_sign":1,"minecraft:prismarine_brick_slab":1,"minecraft:birch_planks":9,"minecraft:cyan_candle":1,"minecraft:lime_wool":6,"minecraft:blue_wool":141,"minecraft:copper_block":2,"minecraft:purple_glazed_terracotta":1,"minecraft:cherry_planks":16,"minecraft:red_mushroom_block":2,"minecraft:magenta_stained_glass":2,"minecraft:red_glazed_terracotta":1,"minecraft:sheep_spawn_egg":2,"minecraft:vindicator_spawn_egg":4,"minecraft:deepslate_bricks":85,"minecraft:waxed_copper_block":8,"minecraft:snow_golem_spawn_egg":1,"minecraft:gilded_blackstone":2,"minecraft:bamboo_mosaic_stairs":1,"minecraft:pink_concrete":21,"minecraft:waxed_exposed_copper":1,"minecraft:jungle_wood":8,"minecraft:polished_blackstone_pressure_plate":1,"minecraft:diamond_block":1,"minecraft:mangrove_trapdoor":1,"minecraft:lime_terracotta":28,"minecraft:terracotta":57,"minecraft:stripped_dark_oak_log":1,"minecraft:red_bed":3,"minecraft:lime_bed":1,"minecraft:crafting_table":1,"minecraft:magenta_bed":1,"minecraft:crimson_trapdoor":2,"minecraft:dead_fire_coral_block":1,"minecraft:brown_banner":1,"minecraft:birch_sign":2,"minecraft:sculk_shrieker":1,"minecraft:white_bed":1,"minecraft:light_gray_concrete_powder":1,"minecraft:dark_oak_fence_gate":1,"minecraft:fire_coral":1,"minecraft:lime_shulker_box":2,"minecraft:brown_glazed_terracotta":1,"minecraft:infested_deepslate":30,"minecraft:endermite_spawn_egg":1,"minecraft:piglin_head":1,"minecraft:warped_planks":10,"minecraft:mushroom_stem":1,"minecraft:cyan_stained_glass":1,"minecraft:deepslate_tile_wall":1,"minecraft:gray_terracotta":1,"minecraft:purple_stained_glass":1,"minecraft:light_blue_candle":1,"minecraft:blue_stained_glass_pane":1,"minecraft:mud":29,"minecraft:acacia_stairs":1,"minecraft:netherite_block":1,"minecraft:flower_pot":2,"minecraft:diamond_pickaxe":5,"minecraft:black_wool":1,"minecraft:ghast_spawn_egg":2,"minecraft:waxed_exposed_cut_copper_stairs":2,"minecraft:wind_charge":39,"minecraft:suspicious_stew":1,"minecraft:leather_helmet":1,"minecraft:magenta_concrete":1,"minecraft:jungle_stairs":1,"minecraft:cyan_concrete":2,"minecraft:spruce_trapdoor":2,"minecraft:budding_amethyst":1,"minecraft:yellow_wool":12,"minecraft:golden_leggings":1,"minecraft:chiseled_stone_bricks":1,"minecraft:pink_bed":1,"minecraft:fire_coral_block":1,"minecraft:green_shulker_box":1,"minecraft:cod_spawn_egg":1,"minecraft:potion":12,"minecraft:cherry_stairs":1,"minecraft:azalea_leaves":12,"minecraft:orange_banner":2,"minecraft:stripped_crimson_hyphae":17,"minecraft:red_concrete_powder":4,"minecraft:white_banner":1,"minecraft:jungle_door":1,"minecraft:andesite_stairs":3,"minecraft:bucket":7,"minecraft:polished_blackstone_button":2,"minecraft:gray_wool":13,"minecraft:brown_mushroom_block":20,"minecraft:diamond_leggings":1,"minecraft:splash_potion":18,"minecraft:birch_stairs":1,"minecraft:soul_torch":1,"minecraft:green_stained_glass":1},"minecraft:killed_by":{"minecraft:player":2},"minecraft:dropped":{"minecraft:brown_mushroom":2,"minecraft:porkchop":1,"minecraft:glow_ink_sac":1,"minecraft:mule_spawn_egg":1,"minecraft:glass_bottle":12,"minecraft:spore_blossom":1,"minecraft:dark_oak_sapling":2,"minecraft:warped_fungus_on_a_stick":1,"minecraft:glow_item_frame":1,"minecraft:flower_banner_pattern":1,"minecraft:honeycomb":1,"minecraft:chest_minecart":1,"minecraft:dark_oak_button":1,"minecraft:mossy_stone_brick_stairs":1,"minecraft:bubble_coral_fan":1,"minecraft:rail":1,"minecraft:carrot_on_a_stick":2,"minecraft:host_armor_trim_smithing_template":1,"minecraft:cod":1,"minecraft:flint":1,"minecraft:light_weighted_pressure_plate":1,"minecraft:emerald":1,"minecraft:warped_pressure_plate":1,"minecraft:birch_fence":1,"minecraft:tadpole_spawn_egg":1,"minecraft:mangrove_chest_boat":1,"minecraft:mojang_banner_pattern":1,"minecraft:crimson_roots":2,"minecraft:snout_armor_trim_smithing_template":1,"minecraft:writable_book":1,"minecraft:wooden_sword":1,"minecraft:bone_meal":1,"minecraft:dead_bubble_coral_fan":1,"minecraft:glistering_melon_slice":2,"minecraft:fermented_spider_eye":1,"minecraft:music_disc_stal":1,"minecraft:end_crystal":1,"minecraft:bone":1,"minecraft:music_disc_blocks":2,"minecraft:stone_axe":1,"minecraft:goat_horn":2,"minecraft:sugar_cane":1,"minecraft:spyglass":1,"minecraft:bamboo_chest_raft":1,"minecraft:cooked_chicken":1,"minecraft:golden_chestplate":1,"minecraft:music_disc_otherside":1,"minecraft:pig_spawn_egg":2,"minecraft:twisting_vines":1,"minecraft:pink_dye":1,"minecraft:wheat":1,"minecraft:goat_spawn_egg":1,"minecraft:diamond_shovel":1,"minecraft:nether_brick_fence":1,"minecraft:recovery_compass":1,"minecraft:ward_armor_trim_smithing_template":2,"minecraft:wandering_trader_spawn_egg":2,"minecraft:echo_shard":1,"minecraft:shulker_shell":1,"minecraft:leather_chestplate":1,"minecraft:tipped_arrow":4,"minecraft:diorite_wall":1,"minecraft:lingering_potion":1,"minecraft:melon_seeds":1,"minecraft:music_disc_mall":1,"minecraft:white_dye":1,"minecraft:spire_armor_trim_smithing_template":2,"minecraft:ghast_tear":1,"minecraft:splash_potion":1,"minecraft:torchflower":1,"minecraft:black_dye":1,"minecraft:light_blue_candle":1,"minecraft:chorus_flower":1,"minecraft:golden_horse_armor":1,"minecraft:minecart":1,"minecraft:cyan_dye":2,"minecraft:diamond_leggings":1,"minecraft:poisonous_potato":1,"minecraft:oak_hanging_sign":1,"minecraft:tadpole_bucket":1,"minecraft:purpur_slab":1,"minecraft:iron_helmet":1,"minecraft:feather":4,"minecraft:book":1,"minecraft:dark_oak_pressure_plate":1,"minecraft:activator_rail":1,"minecraft:copper_ingot":1,"minecraft:purple_dye":1,"minecraft:orange_candle":1,"minecraft:stick":1,"minecraft:oxeye_daisy":1,"minecraft:cobweb":1,"minecraft:cherry_sign":1,"minecraft:wooden_hoe":1,"minecraft:repeater":1,"minecraft:rabbit":1,"minecraft:bamboo_fence_gate":1,"minecraft:cooked_salmon":1,"minecraft:map":1,"minecraft:fire_charge":1,"minecraft:potion":9,"minecraft:dried_kelp":1,"minecraft:zombie_horse_spawn_egg":2,"minecraft:pink_banner":1,"minecraft:red_dye":1,"minecraft:cactus":1,"minecraft:paper":3,"minecraft:string":1,"minecraft:pink_petals":1,"minecraft:crimson_hanging_sign":1,"minecraft:pink_tulip":1,"minecraft:bubble_coral":1,"minecraft:wild_armor_trim_smithing_template":1,"minecraft:bowl":2,"minecraft:experience_bottle":1,"minecraft:stone_shovel":1,"minecraft:chicken":1,"minecraft:bamboo_button":1,"minecraft:wayfinder_armor_trim_smithing_template":1,"minecraft:iron_hoe":1,"minecraft:comparator":2,"minecraft:phantom_spawn_egg":1,"minecraft:name_tag":1,"minecraft:glow_lichen":1,"minecraft:torchflower_seeds":1,"minecraft:suspicious_stew":2,"minecraft:flint_and_steel":1,"minecraft:light_blue_dye":3,"minecraft:potato":1,"minecraft:bamboo_raft":1,"minecraft:sea_pickle":1,"minecraft:dead_horn_coral_fan":1,"minecraft:piglin_banner_pattern":1,"minecraft:peony":1,"minecraft:dead_fire_coral":1,"minecraft:oak_sapling":1,"minecraft:popped_chorus_fruit":1,"minecraft:redstone_torch":2,"minecraft:dead_fire_coral_fan":1,"minecraft:spider_eye":1,"minecraft:cow_spawn_egg":1,"minecraft:bamboo":1,"minecraft:brown_carpet":1,"minecraft:blue_orchid":1,"minecraft:raw_gold":1,"minecraft:horse_spawn_egg":1,"minecraft:red_tulip":2,"minecraft:nautilus_shell":1,"minecraft:vex_armor_trim_smithing_template":1}},"DataVersion":3952}