{"stats":{"minecraft:custom":{"minecraft:interact_with_crafting_table":3,"minecraft:open_barrel":1,"minecraft:bell_ring":3,"minecraft:leave_game":48,"minecraft:time_since_death":19257,"minecraft:play_time":1673644,"minecraft:deaths":77,"minecraft:jump":10163,"minecraft:interact_with_furnace":4,"minecraft:damage_dealt":2519,"minecraft:inspect_dropper":1,"minecraft:sneak_time":138903,"minecraft:interact_with_blast_furnace":1,"minecraft:total_world_time":1713579,"minecraft:tune_noteblock":179,"minecraft:time_since_rest":19258,"minecraft:swim_one_cm":8186,"minecraft:fly_one_cm":4574779,"minecraft:open_chest":12,"minecraft:fall_one_cm":662155,"minecraft:open_shulker_box":26,"minecraft:damage_resisted":42,"minecraft:sprint_one_cm":792909,"minecraft:drop":335,"minecraft:walk_on_water_one_cm":3760,"minecraft:player_kills":4,"minecraft:crouch_one_cm":220566,"minecraft:mob_kills":4,"minecraft:walk_one_cm":628172,"minecraft:walk_under_water_one_cm":16223,"minecraft:boat_one_cm":20991,"minecraft:damage_taken":60863,"minecraft:damage_absorbed":160,"minecraft:aviate_one_cm":71560},"minecraft:mined":{"minecraft:white_bed":1,"minecraft:purpur_slab":1,"minecraft:bamboo_block":1,"minecraft:fire":3,"minecraft:spruce_pressure_plate":1,"minecraft:magenta_carpet":1,"minecraft:brown_candle":1,"minecraft:stripped_birch_log":1,"minecraft:warped_door":1,"minecraft:light_gray_carpet":1,"minecraft:soul_sand":1,"minecraft:brown_carpet":2,"minecraft:light_gray_concrete_powder":1,"minecraft:spruce_button":1,"minecraft:creeper_head":1,"minecraft:magenta_candle":1,"minecraft:composter":1,"minecraft:cyan_terracotta":1,"minecraft:birch_log":1,"minecraft:stripped_oak_wood":1,"minecraft:red_carpet":1,"minecraft:bamboo_fence":1,"minecraft:gray_wall_banner":1,"minecraft:detector_rail":1,"minecraft:wet_sponge":1,"minecraft:structure_void":1,"minecraft:lime_carpet":4,"minecraft:blue_candle":1,"minecraft:birch_planks":1,"minecraft:lodestone":1,"minecraft:birch_fence":1,"minecraft:crimson_hyphae":1},"minecraft:dropped":{"minecraft:copper_trapdoor":64,"minecraft:glass_bottle":15,"minecraft:crossbow":1,"minecraft:glow_berries":1,"minecraft:warped_roots":2,"minecraft:red_sandstone_wall":1,"minecraft:rail":2,"minecraft:dragon_breath":2,"minecraft:sentry_armor_trim_smithing_template":1,"minecraft:emerald":1,"minecraft:packed_mud":1,"minecraft:dirt":1,"minecraft:large_fern":1,"minecraft:conduit":1,"minecraft:netherite_boots":1,"minecraft:cherry_button":1,"minecraft:wooden_sword":1,"minecraft:writable_book":1,"minecraft:copper_bulb":64,"minecraft:cherry_chest_boat":1,"minecraft:fermented_spider_eye":1,"minecraft:oxidized_copper_grate":64,"minecraft:music_disc_stal":1,"minecraft:cyan_carpet":1,"minecraft:oxidized_chiseled_copper":64,"minecraft:goat_horn":4,"minecraft:sugar_cane":3,"minecraft:detector_rail":1,"minecraft:nether_brick":1,"minecraft:birch_sapling":1,"minecraft:chiseled_copper":64,"minecraft:glowstone_dust":1,"minecraft:lime_dye":1,"minecraft:blaze_powder":1,"minecraft:music_disc_far":2,"minecraft:oxidized_copper_bulb":64,"minecraft:waxed_copper_block":1,"minecraft:rabbit_foot":2,"minecraft:eye_armor_trim_smithing_template":1,"minecraft:echo_shard":1,"minecraft:tipped_arrow":11,"minecraft:deepslate_tiles":1,"minecraft:orange_banner":1,"minecraft:leather_boots":1,"minecraft:white_dye":1,"minecraft:snort_pottery_sherd":1,"minecraft:lectern":1,"minecraft:brown_concrete":1,"minecraft:egg":1,"minecraft:golden_boots":1,"minecraft:smooth_quartz_stairs":1,"minecraft:witch_spawn_egg":1,"minecraft:barrier":1,"minecraft:prismarine_crystals":2,"minecraft:light_gray_glazed_terracotta":1,"minecraft:polished_andesite":1,"minecraft:lava_bucket":1,"minecraft:golden_carrot":2,"minecraft:blackstone_wall":1,"minecraft:rabbit":1,"minecraft:copper_grate":64,"minecraft:potion":18,"minecraft:brown_terracotta":1,"minecraft:red_dye":1,"minecraft:chipped_anvil":1,"minecraft:paper":24,"minecraft:blue_candle":1,"minecraft:hanging_roots":1,"minecraft:furnace":1,"minecraft:bowl":7,"minecraft:clay_ball":1,"minecraft:structure_block":1,"minecraft:debug_stick":1,"minecraft:light_blue_concrete":1,"minecraft:suspicious_stew":2,"minecraft:lily_of_the_valley":2,"minecraft:big_dripleaf":1,"minecraft:potato":1,"minecraft:flower_pot":1,"minecraft:sea_pickle":1,"minecraft:peony":1,"minecraft:blue_banner":1,"minecraft:brown_bed":1,"minecraft:oxidized_copper_trapdoor":64,"minecraft:brown_carpet":1,"minecraft:blue_orchid":1,"minecraft:bell":1,"minecraft:green_concrete_powder":1,"minecraft:red_sandstone_stairs":1,"minecraft:cooked_rabbit":1,"minecraft:cyan_bed":1,"minecraft:oxidized_copper_door":64,"minecraft:gold_ore":1,"minecraft:brown_mushroom":1,"minecraft:birch_planks":1,"minecraft:warped_fungus":1,"minecraft:dead_horn_coral":1,"minecraft:nether_star":1,"minecraft:dark_oak_sapling":2,"minecraft:shaper_armor_trim_smithing_template":1,"minecraft:leather":1,"minecraft:lime_stained_glass_pane":1,"minecraft:honeycomb":1,"minecraft:bedrock":1,"minecraft:birch_slab":1,"minecraft:host_armor_trim_smithing_template":1,"minecraft:cod":1,"minecraft:music_disc_11":1,"minecraft:flint":1,"minecraft:deepslate_tile_stairs":1,"minecraft:polished_blackstone_pressure_plate":1,"minecraft:cherry_trapdoor":1,"minecraft:cornflower":2,"minecraft:tuff_brick_wall":64,"minecraft:seagrass":2,"minecraft:blaze_spawn_egg":1,"minecraft:pumpkin_pie":1,"minecraft:wet_sponge":1,"minecraft:turtle_scute":2,"minecraft:furnace_minecart":1,"minecraft:gold_ingot":1,"minecraft:chiseled_tuff_bricks":64,"minecraft:smooth_sandstone_stairs":1,"minecraft:diorite_stairs":1,"minecraft:diamond_shovel":2,"minecraft:cyan_shulker_box":1,"minecraft:mossy_stone_brick_slab":1,"minecraft:yellow_stained_glass":1,"minecraft:prismarine":1,"minecraft:warped_hanging_sign":1,"minecraft:cooked_mutton":1,"minecraft:recovery_compass":1,"minecraft:ward_armor_trim_smithing_template":2,"minecraft:rabbit_hide":1,"minecraft:cod_spawn_egg":1,"minecraft:mossy_stone_brick_wall":1,"minecraft:dune_armor_trim_smithing_template":1,"minecraft:skeleton_skull":1,"minecraft:melon_seeds":2,"minecraft:lingering_potion":5,"minecraft:spruce_pressure_plate":2,"minecraft:scaffolding":1,"minecraft:quartz":1,"minecraft:oak_leaves":2,"minecraft:splash_potion":9,"minecraft:spruce_chest_boat":1,"minecraft:firework_rocket":1,"minecraft:water_bucket":2,"minecraft:torchflower":1,"minecraft:cherry_log":1,"minecraft:exposed_copper":1,"minecraft:minecart":2,"minecraft:cyan_dye":1,"minecraft:prismarine_shard":2,"minecraft:mangrove_propagule":2,"minecraft:golden_axe":4,"minecraft:spectral_arrow":1,"minecraft:jungle_wood":1,"minecraft:hopper_minecart":3,"minecraft:copper_ingot":1,"minecraft:copper_door":64,"minecraft:grass_block":1,"minecraft:stick":1,"minecraft:cherry_sign":1,"minecraft:mossy_cobblestone_slab":2,"minecraft:leather_horse_armor":4,"minecraft:torch":1,"minecraft:green_dye":1,"minecraft:brown_wool":1,"minecraft:light_gray_stained_glass":1,"minecraft:fire_charge":1,"minecraft:green_carpet":1,"minecraft:music_disc_strad":1,"minecraft:wither_rose":1,"minecraft:music_disc_ward":1,"minecraft:crimson_fence":1,"minecraft:music_disc_wait":1,"minecraft:pink_petals":1,"minecraft:tripwire_hook":1,"minecraft:bucket":1,"minecraft:music_disc_cat":2,"minecraft:chiseled_sandstone":1,"minecraft:redstone":1,"minecraft:bubble_coral":1,"minecraft:kelp":1,"minecraft:brown_dye":1,"minecraft:gray_glazed_terracotta":1,"minecraft:tall_grass":1,"minecraft:wayfinder_armor_trim_smithing_template":1,"minecraft:comparator":1,"minecraft:dolphin_spawn_egg":1,"minecraft:filled_map":1,"minecraft:mud_bricks":1,"minecraft:end_stone_brick_stairs":1,"minecraft:dead_horn_coral_fan":1,"minecraft:light_gray_bed":1,"minecraft:blue_ice":1,"minecraft:dead_fire_coral":2,"minecraft:golden_leggings":2,"minecraft:oak_sapling":1,"minecraft:waxed_weathered_cut_copper":1,"minecraft:golden_sword":1,"minecraft:birch_sign":1,"minecraft:brain_coral":1,"minecraft:magma_cream":1,"minecraft:purple_shulker_box":1,"minecraft:raw_gold":1,"minecraft:music_disc_mellohi":1,"minecraft:glow_squid_spawn_egg":1,"minecraft:tuff_brick_slab":64},"minecraft:killed_by":{"minecraft:warden":3,"minecraft:player":1},"minecraft:used":{"minecraft:nether_brick_fence":4,"minecraft:jack_o_lantern":2,"minecraft:polished_granite_stairs":2,"minecraft:chiseled_deepslate":1,"minecraft:ender_dragon_spawn_egg":1,"minecraft:cut_red_sandstone_slab":1,"minecraft:heavy_core":21,"minecraft:elytra":1,"minecraft:smooth_quartz_slab":3,"minecraft:spruce_slab":2,"minecraft:dead_horn_coral_block":1,"minecraft:red_sandstone_slab":1,"minecraft:dispenser":1,"minecraft:polished_blackstone":31,"minecraft:dead_brain_coral":1,"minecraft:ladder":3,"minecraft:mangrove_fence_gate":2,"minecraft:green_banner":1,"minecraft:chest":5,"minecraft:stone":2,"minecraft:brown_concrete":1,"minecraft:white_shulker_box":3,"minecraft:red_nether_brick_stairs":2,"minecraft:warped_sign":1,"minecraft:quartz_stairs":1,"minecraft:waxed_weathered_cut_copper_stairs":1,"minecraft:tube_coral":1,"minecraft:chiseled_red_sandstone":1,"minecraft:soul_sand":2,"minecraft:skeleton_spawn_egg":1,"minecraft:cut_copper":1,"minecraft:brick_slab":2,"minecraft:jungle_slab":1,"minecraft:weathered_cut_copper_stairs":1,"minecraft:magenta_candle":3,"minecraft:snowball":3,"minecraft:warden_spawn_egg":2,"minecraft:spruce_boat":1,"minecraft:wandering_trader_spawn_egg":2,"minecraft:frog_spawn_egg":1,"minecraft:bamboo_pressure_plate":1,"minecraft:packed_ice":1,"minecraft:quartz_pillar":1,"minecraft:lime_banner":1,"minecraft:mangrove_stairs":3,"minecraft:red_wool":2,"minecraft:warped_hyphae":1,"minecraft:deepslate_copper_ore":1,"minecraft:grass_block":18,"minecraft:polished_andesite_stairs":1,"minecraft:orange_shulker_box":1,"minecraft:quartz_block":2,"minecraft:copper_ore":1,"minecraft:dark_oak_leaves":1,"minecraft:dark_oak_slab":7,"minecraft:cherry_leaves":5,"minecraft:cherry_button":1,"minecraft:diorite_wall":1,"minecraft:netherite_boots":2,"minecraft:stripped_mangrove_log":1,"minecraft:dolphin_spawn_egg":2,"minecraft:exposed_cut_copper_slab":2,"minecraft:snow":1,"minecraft:bow":2,"minecraft:ominous_bottle":1,"minecraft:yellow_glazed_terracotta":3,"minecraft:furnace":1,"minecraft:acacia_fence":1,"minecraft:egg":2,"minecraft:gray_banner":2,"minecraft:end_stone_brick_stairs":3,"minecraft:dragon_head":3,"minecraft:green_stained_glass_pane":3,"minecraft:dark_prismarine_stairs":5,"minecraft:brown_concrete_powder":1,"minecraft:magenta_shulker_box":1,"minecraft:lime_glazed_terracotta":1,"minecraft:spider_spawn_egg":1,"minecraft:emerald_ore":2,"minecraft:armadillo_spawn_egg":3,"minecraft:mossy_stone_bricks":2,"minecraft:diorite":1,"minecraft:damaged_anvil":4,"minecraft:end_stone_bricks":1,"minecraft:spruce_door":1,"minecraft:brick_wall":2,"minecraft:stripped_birch_log":1,"minecraft:red_stained_glass":1,"minecraft:chorus_fruit":1,"minecraft:blackstone_stairs":2,"minecraft:blackstone":4,"minecraft:lime_concrete_powder":1,"minecraft:fox_spawn_egg":2,"minecraft:leather_chestplate":1,"minecraft:mossy_stone_brick_stairs":2,"minecraft:black_glazed_terracotta":1,"minecraft:jungle_pressure_plate":1,"minecraft:composter":4,"minecraft:clay":1,"minecraft:oak_leaves":2,"minecraft:smooth_quartz_stairs":11,"minecraft:glow_berries":1,"minecraft:dark_oak_trapdoor":1,"minecraft:purpur_stairs":1,"minecraft:sand":1,"minecraft:waxed_weathered_cut_copper_slab":1,"minecraft:blast_furnace":2,"minecraft:oxidized_cut_copper_slab":1,"minecraft:purple_terracotta":1,"minecraft:chiseled_quartz_block":1,"minecraft:gray_concrete":1,"minecraft:black_concrete_powder":1,"minecraft:squid_spawn_egg":3,"minecraft:red_sandstone_wall":1,"minecraft:bamboo_button":1,"minecraft:purple_concrete_powder":1,"minecraft:crimson_fence_gate":1,"minecraft:birch_fence":4,"minecraft:deepslate_tiles":1,"minecraft:enderman_spawn_egg":2,"minecraft:red_sandstone":3,"minecraft:mangrove_door":2,"minecraft:chiseled_sandstone":2,"minecraft:crying_obsidian":1,"minecraft:stripped_bamboo_block":1,"minecraft:gray_stained_glass_pane":2,"minecraft:verdant_froglight":3,"minecraft:spore_blossom":1,"minecraft:lectern":3,"minecraft:white_glazed_terracotta":1,"minecraft:red_terracotta":1,"minecraft:polished_granite":1,"minecraft:diamond_ore":2,"minecraft:cut_red_sandstone":1,"minecraft:flowering_azalea_leaves":1,"minecraft:lilac":1,"minecraft:polished_andesite_slab":3,"minecraft:diamond_sword":3,"minecraft:fire_charge":1,"minecraft:exposed_cut_copper":1,"minecraft:smithing_table":2,"minecraft:birch_log":1,"minecraft:bubble_coral_block":3,"minecraft:white_stained_glass":1,"minecraft:green_concrete_powder":31,"minecraft:piglin_spawn_egg":1,"minecraft:pink_stained_glass":1,"minecraft:oak_hanging_sign":1,"minecraft:purple_wool":1,"minecraft:diorite_slab":3,"minecraft:gray_stained_glass":1,"minecraft:diorite_stairs":1,"minecraft:oak_trapdoor":3,"minecraft:stripped_acacia_wood":1,"minecraft:polished_blackstone_brick_slab":1,"minecraft:dead_tube_coral_block":1,"minecraft:carved_pumpkin":2,"minecraft:red_concrete":14,"minecraft:wither_spawn_egg":1,"minecraft:light_gray_carpet":5,"minecraft:stripped_warped_stem":2,"minecraft:tinted_glass":1,"minecraft:wither_skeleton_spawn_egg":1,"minecraft:jungle_hanging_sign":1,"minecraft:mangrove_fence":2,"minecraft:structure_block":2,"minecraft:exposed_cut_copper_stairs":2,"minecraft:green_glazed_terracotta":2,"minecraft:orange_stained_glass":1,"minecraft:torch":1,"minecraft:brewing_stand":1,"minecraft:target":2,"minecraft:ancient_debris":1,"minecraft:nether_quartz_ore":2,"minecraft:chainmail_chestplate":1,"minecraft:crimson_hyphae":2,"minecraft:stone_stairs":1,"minecraft:cod_bucket":1,"minecraft:nether_brick_slab":1,"minecraft:jungle_trapdoor":2,"minecraft:glow_lichen":1,"minecraft:dead_brain_coral_block":3,"minecraft:mud_brick_stairs":1,"minecraft:nether_brick_stairs":1,"minecraft:oak_fence_gate":1,"minecraft:shroomlight":1,"minecraft:red_shulker_box":1,"minecraft:sea_lantern":1,"minecraft:bamboo_fence":3,"minecraft:cyan_shulker_box":1,"minecraft:iron_axe":3,"minecraft:muddy_mangrove_roots":4,"minecraft:spruce_button":2,"minecraft:cherry_slab":1,"minecraft:slime_block":1,"minecraft:brick_stairs":2,"minecraft:spawner":1,"minecraft:polished_deepslate_wall":2,"minecraft:birch_hanging_sign":2,"minecraft:jungle_log":2,"minecraft:chicken_spawn_egg":1,"minecraft:smooth_quartz":2,"minecraft:piglin_brute_spawn_egg":2,"minecraft:mud_bricks":6,"minecraft:cherry_fence_gate":2,"minecraft:pink_stained_glass_pane":1,"minecraft:barrel":5,"minecraft:prismarine_slab":1,"minecraft:waxed_exposed_cut_copper_slab":1,"minecraft:smooth_basalt":2,"minecraft:blaze_spawn_egg":1,"minecraft:diamond_chestplate":1,"minecraft:purple_concrete":1,"minecraft:lime_concrete":1,"minecraft:warped_stairs":1,"minecraft:magenta_wool":2,"minecraft:tall_grass":1,"minecraft:gray_glazed_terracotta":13,"minecraft:iron_trapdoor":2,"minecraft:magenta_terracotta":5,"minecraft:oxidized_copper":3,"minecraft:goat_horn":21,"minecraft:podzol":2,"minecraft:crimson_pressure_plate":1,"minecraft:cobbled_deepslate":3,"minecraft:acacia_planks":4,"minecraft:cherry_fence":1,"minecraft:cherry_log":2,"minecraft:dead_bubble_coral_fan":2,"minecraft:horn_coral_fan":1,"minecraft:deepslate_emerald_ore":1,"minecraft:water_bucket":4,"minecraft:light_blue_shulker_box":1,"minecraft:tube_coral_block":2,"minecraft:sandstone_stairs":4,"minecraft:warped_hanging_sign":1,"minecraft:prismarine_brick_slab":1,"minecraft:birch_planks":14,"minecraft:yellow_shulker_box":3,"minecraft:spruce_chest_boat":3,"minecraft:lime_wool":3,"minecraft:bubble_coral_fan":1,"minecraft:cartography_table":1,"minecraft:waxed_oxidized_cut_copper":12,"minecraft:cherry_planks":6,"minecraft:blue_concrete_powder":1,"minecraft:cauldron":1,"minecraft:fletching_table":1,"minecraft:sheep_spawn_egg":2,"minecraft:leather_boots":2,"minecraft:gold_ore":2,"minecraft:pink_concrete":1,"minecraft:deepslate_bricks":1,"minecraft:snow_golem_spawn_egg":3,"minecraft:conduit":3,"minecraft:gilded_blackstone":2,"minecraft:bamboo_mosaic_stairs":2,"minecraft:raw_copper":1,"minecraft:waxed_exposed_copper":2,"minecraft:diamond_block":1,"minecraft:mossy_cobblestone":1,"minecraft:light_gray_banner":1,"minecraft:lime_terracotta":1,"minecraft:comparator":2,"minecraft:acacia_hanging_sign":1,"minecraft:crafting_table":1,"minecraft:oak_slab":8,"minecraft:tnt":1,"minecraft:cyan_glazed_terracotta":2,"minecraft:red_bed":3,"minecraft:birch_sign":1,"minecraft:sculk_shrieker":1,"minecraft:white_bed":2,"minecraft:campfire":1,"minecraft:dark_oak_fence_gate":3,"minecraft:fire_coral":1,"minecraft:endermite_spawn_egg":1,"minecraft:mushroom_stem":6,"minecraft:bat_spawn_egg":35,"minecraft:blue_stained_glass_pane":1,"minecraft:mud":2,"minecraft:dark_prismarine":1,"minecraft:warped_trapdoor":1,"minecraft:waxed_exposed_cut_copper_stairs":2,"minecraft:wind_charge":356,"minecraft:oxidized_copper_trapdoor":2,"minecraft:oak_button":1,"minecraft:pig_spawn_egg":1,"minecraft:suspicious_stew":6,"minecraft:spruce_pressure_plate":4,"minecraft:cherry_chest_boat":1,"minecraft:leather_helmet":2,"minecraft:cyan_concrete":5,"minecraft:purpur_slab":1,"minecraft:spruce_trapdoor":1,"minecraft:magenta_concrete_powder":2,"minecraft:bamboo_slab":2,"minecraft:crimson_nylium":4,"minecraft:blue_carpet":3,"minecraft:potion":17,"minecraft:purple_bed":1,"minecraft:crimson_stairs":2,"minecraft:acacia_pressure_plate":1,"minecraft:red_concrete_powder":2,"minecraft:andesite_stairs":1,"minecraft:sandstone_slab":1,"minecraft:glass_pane":1,"minecraft:goat_spawn_egg":1,"minecraft:brush":1,"minecraft:stripped_oak_log":2,"minecraft:sculk_vein":2,"minecraft:brown_mushroom_block":1,"minecraft:candle":1,"minecraft:green_stained_glass":2,"minecraft:light_blue_banner":2,"minecraft:waxed_exposed_cut_copper":3,"minecraft:blue_terracotta":1,"minecraft:red_sand":2,"minecraft:purple_candle":1,"minecraft:polished_deepslate":2,"minecraft:light_gray_stained_glass_pane":2,"minecraft:melon":2,"minecraft:oak_sign":8,"minecraft:polished_basalt":5,"minecraft:decorated_pot":3,"minecraft:iron_sword":5,"minecraft:purple_shulker_box":1,"minecraft:zombie_spawn_egg":1,"minecraft:creeper_head":2,"minecraft:stripped_jungle_wood":22,"minecraft:bell":2,"minecraft:vex_spawn_egg":1,"minecraft:mossy_stone_brick_slab":3,"minecraft:player_head":4,"minecraft:smooth_sandstone_stairs":3,"minecraft:stripped_crimson_stem":1,"minecraft:green_terracotta":5,"minecraft:soul_campfire":2,"minecraft:white_candle":2,"minecraft:oxidized_cut_copper":4,"minecraft:mooshroom_spawn_egg":1,"minecraft:birch_pressure_plate":1,"minecraft:mutton":1,"minecraft:stray_spawn_egg":1,"minecraft:orange_glazed_terracotta":1,"minecraft:jungle_planks":9,"minecraft:nether_bricks":1,"minecraft:deepslate_tile_slab":1,"minecraft:pink_terracotta":1,"minecraft:furnace_minecart":1,"minecraft:beehive":4,"minecraft:tuff":1,"minecraft:axolotl_bucket":1,"minecraft:red_sandstone_stairs":1,"minecraft:glass":1,"minecraft:waxed_oxidized_copper":2,"minecraft:cyan_terracotta":2,"minecraft:bricks":2,"minecraft:spruce_wood":2,"minecraft:lantern":2,"minecraft:panda_spawn_egg":1,"minecraft:green_wool":5,"minecraft:warped_nylium":1,"minecraft:iron_helmet":2,"minecraft:light_blue_bed":1,"minecraft:gray_concrete_powder":6,"minecraft:mossy_cobblestone_slab":2,"minecraft:tropical_fish_spawn_egg":2,"minecraft:stone_bricks":2,"minecraft:slime_spawn_egg":1,"minecraft:bedrock":261,"minecraft:spruce_hanging_sign":2,"minecraft:birch_button":3,"minecraft:deepslate_diamond_ore":1,"minecraft:birch_trapdoor":3,"minecraft:golden_sword":1,"minecraft:red_carpet":2,"minecraft:repeater":1,"minecraft:redstone_lamp":1,"minecraft:honeycomb_block":2,"minecraft:magma_block":2,"minecraft:brown_carpet":5,"minecraft:horn_coral":1,"minecraft:hay_block":2,"minecraft:scaffolding":1,"minecraft:blue_shulker_box":1,"minecraft:polished_diorite_stairs":1,"minecraft:pink_concrete_powder":4,"minecraft:fire_coral_fan":1,"minecraft:pearlescent_froglight":2,"minecraft:polished_blackstone_stairs":1,"minecraft:stripped_spruce_wood":3,"minecraft:zoglin_spawn_egg":1,"minecraft:mangrove_leaves":2,"minecraft:bamboo_trapdoor":3,"minecraft:dark_oak_stairs":1,"minecraft:waxed_oxidized_cut_copper_slab":1,"minecraft:end_rod":1,"minecraft:dropper":1,"minecraft:wither_skeleton_skull":1,"minecraft:witch_spawn_egg":3,"minecraft:elder_guardian_spawn_egg":3,"minecraft:gray_carpet":1,"minecraft:stone_pickaxe":2,"minecraft:jungle_fence":2,"minecraft:mangrove_planks":11,"minecraft:oak_planks":4,"minecraft:prismarine_stairs":1,"minecraft:polished_diorite_slab":2,"minecraft:sandstone":1,"minecraft:chainmail_helmet":1,"minecraft:redstone_block":234,"minecraft:structure_void":1,"minecraft:blue_bed":1,"minecraft:bamboo_stairs":3,"minecraft:white_wool":18,"minecraft:brain_coral":2,"minecraft:yellow_terracotta":1,"minecraft:netherite_leggings":1,"minecraft:light_blue_concrete":17,"minecraft:lime_stained_glass_pane":2,"minecraft:loom":1,"minecraft:lingering_potion":38,"minecraft:light_blue_wool":1,"minecraft:mule_spawn_egg":1,"minecraft:light_gray_terracotta":2,"minecraft:crossbow":2,"minecraft:deepslate_redstone_ore":2,"minecraft:black_bed":1,"minecraft:note_block":1,"minecraft:shulker_spawn_egg":1,"minecraft:sponge":1,"minecraft:blackstone_wall":1,"minecraft:ochre_froglight":1,"minecraft:dripstone_block":4,"minecraft:stone_brick_wall":1,"minecraft:skeleton_horse_spawn_egg":2,"minecraft:cobbled_deepslate_stairs":1,"minecraft:exposed_copper":3,"minecraft:polished_tuff":10,"minecraft:sticky_piston":1,"minecraft:dead_fire_coral_fan":1,"minecraft:green_concrete":13,"minecraft:black_concrete":1,"minecraft:firework_rocket":4,"minecraft:gray_shulker_box":1,"minecraft:birch_fence_gate":1,"minecraft:mace":1,"minecraft:dark_oak_log":1,"minecraft:bogged_spawn_egg":1,"minecraft:lime_carpet":5,"minecraft:heavy_weighted_pressure_plate":1,"minecraft:cyan_bed":1,"minecraft:brown_wool":2,"minecraft:brown_stained_glass":3,"minecraft:barrier":249,"minecraft:warped_slab":1,"minecraft:gravel":1,"minecraft:golden_helmet":3,"minecraft:granite_slab":3,"minecraft:dead_horn_coral":2,"minecraft:ocelot_spawn_egg":1,"minecraft:jungle_sign":1,"minecraft:blue_candle":3,"minecraft:light_blue_concrete_powder":1,"minecraft:pufferfish_bucket":1,"minecraft:dead_horn_coral_fan":1,"minecraft:chainmail_boots":2,"minecraft:stripped_oak_wood":1,"minecraft:crimson_door":1,"minecraft:deepslate_coal_ore":2,"minecraft:andesite":2,"minecraft:smooth_stone_slab":2,"minecraft:stripped_cherry_log":1,"minecraft:tropical_fish_bucket":1,"minecraft:coarse_dirt":4,"minecraft:golden_pickaxe":22,"minecraft:cherry_boat":1,"minecraft:purpur_block":3,"minecraft:trident":3,"minecraft:jungle_leaves":1,"minecraft:waxed_weathered_copper":1,"minecraft:granite_stairs":1,"minecraft:white_tulip":1,"minecraft:cracked_deepslate_bricks":1,"minecraft:redstone_ore":3,"minecraft:pufferfish_spawn_egg":1,"minecraft:light_blue_terracotta":1,"minecraft:spruce_planks":9,"minecraft:sculk":2,"minecraft:brown_shulker_box":2,"minecraft:stripped_birch_wood":1,"minecraft:dried_kelp_block":1,"minecraft:cut_copper_stairs":2,"minecraft:oak_door":1,"minecraft:dirt":38,"minecraft:red_nether_brick_slab":1,"minecraft:cherry_pressure_plate":1,"minecraft:prismarine_bricks":3,"minecraft:spruce_stairs":1,"minecraft:cobblestone_wall":1,"minecraft:warped_door":1,"minecraft:shulker_box":1,"minecraft:bee_nest":2,"minecraft:raw_iron_block":2,"minecraft:salmon_bucket":1,"minecraft:golden_chestplate":1,"minecraft:pink_carpet":1,"minecraft:spruce_fence":2,"minecraft:allay_spawn_egg":1,"minecraft:andesite_wall":5,"minecraft:birch_door":1,"minecraft:dark_oak_planks":2,"minecraft:brown_terracotta":3,"minecraft:bookshelf":2,"minecraft:waxed_cut_copper":1,"minecraft:yellow_stained_glass":3,"minecraft:oak_stairs":2,"minecraft:smooth_sandstone":4,"minecraft:acacia_slab":2,"minecraft:cherry_trapdoor":1,"minecraft:red_candle":2,"minecraft:iron_boots":1,"minecraft:crimson_planks":6,"minecraft:magma_cube_spawn_egg":1,"minecraft:yellow_concrete_powder":2,"minecraft:waxed_cut_copper_slab":2,"minecraft:golden_carrot":1,"minecraft:weathered_cut_copper":2,"minecraft:sniffer_spawn_egg":1,"minecraft:black_stained_glass":1,"minecraft:emerald_block":262,"minecraft:bamboo_chest_raft":1,"minecraft:soul_soil":1,"minecraft:dark_oak_pressure_plate":1,"minecraft:lime_stained_glass":1,"minecraft:deepslate_tile_stairs":6,"minecraft:salmon_spawn_egg":1,"minecraft:white_stained_glass_pane":1,"minecraft:drowned_spawn_egg":2,"minecraft:oxidized_copper_door":1,"minecraft:cyan_concrete_powder":1,"minecraft:horn_coral_block":1,"minecraft:stone_pressure_plate":2,"minecraft:enchanted_golden_apple":1,"minecraft:zombified_piglin_spawn_egg":1,"minecraft:mossy_stone_brick_wall":3,"minecraft:brown_candle":3,"minecraft:powder_snow_bucket":1,"minecraft:light_gray_bed":2,"minecraft:bamboo_planks":4,"minecraft:brown_bed":2,"minecraft:iron_leggings":2,"minecraft:brain_coral_block":2,"minecraft:cobbled_deepslate_wall":4,"minecraft:turtle_spawn_egg":2,"minecraft:amethyst_block":1,"minecraft:pink_glazed_terracotta":2,"minecraft:lodestone":2,"minecraft:snow_block":3,"minecraft:dark_oak_hanging_sign":1,"minecraft:polished_andesite":2,"minecraft:netherite_chestplate":1,"minecraft:baked_potato":1,"minecraft:mud_brick_slab":5,"minecraft:blue_wool":1,"minecraft:iron_golem_spawn_egg":1,"minecraft:birch_boat":2,"minecraft:purple_glazed_terracotta":2,"minecraft:black_shulker_box":1,"minecraft:cut_sandstone":2,"minecraft:sniffer_egg":1,"minecraft:llama_spawn_egg":1,"minecraft:chiseled_nether_bricks":3,"minecraft:magenta_stained_glass":2,"minecraft:red_glazed_terracotta":2,"minecraft:green_bed":1,"minecraft:beacon":2,"minecraft:stonecutter":1,"minecraft:cobblestone_slab":1,"minecraft:vindicator_spawn_egg":3,"minecraft:waxed_copper_block":2,"minecraft:glow_item_frame":2,"minecraft:polished_blackstone_pressure_plate":2,"minecraft:rabbit_spawn_egg":2,"minecraft:terracotta":2,"minecraft:dead_fire_coral_block":1,"minecraft:brown_banner":1,"minecraft:bamboo_block":1,"minecraft:light_gray_concrete_powder":3,"minecraft:infested_deepslate":7,"minecraft:painting":2,"minecraft:magenta_carpet":2,"minecraft:warped_planks":14,"minecraft:cyan_stained_glass":2,"minecraft:nether_gold_ore":2,"minecraft:purple_stained_glass":1,"minecraft:gray_terracotta":1,"minecraft:acacia_stairs":1,"minecraft:activator_rail":1,"minecraft:cherry_door":1,"minecraft:dead_fire_coral":2,"minecraft:command_block":4,"minecraft:cracked_polished_blackstone_bricks":1,"minecraft:gray_candle":1,"minecraft:map":1,"minecraft:netherite_axe":3,"minecraft:lapis_ore":2,"minecraft:detector_rail":2,"minecraft:jungle_stairs":1,"minecraft:magenta_concrete":2,"minecraft:stone_slab":3,"minecraft:budding_amethyst":2,"minecraft:yellow_wool":2,"minecraft:golden_leggings":2,"minecraft:acacia_fence_gate":1,"minecraft:magenta_banner":3,"minecraft:brown_stained_glass_pane":1,"minecraft:fishing_rod":10,"minecraft:fire_coral_block":4,"minecraft:green_shulker_box":3,"minecraft:cod_spawn_egg":1,"minecraft:turtle_helmet":1,"minecraft:cherry_stairs":2,"minecraft:mud_brick_wall":1,"minecraft:white_banner":1,"minecraft:jungle_door":1,"minecraft:bucket":6,"minecraft:yellow_bed":1,"minecraft:polished_blackstone_button":1,"minecraft:gray_wool":3,"minecraft:purple_carpet":1,"minecraft:sculk_catalyst":1,"minecraft:smooth_stone":5,"minecraft:splash_potion":33,"minecraft:pillager_spawn_egg":1,"minecraft:chainmail_leggings":1,"minecraft:lime_candle":1},"minecraft:crafted":{"minecraft:bamboo_planks":2,"minecraft:dark_oak_planks":4,"minecraft:oak_planks":4,"minecraft:warped_planks":12,"minecraft:spruce_planks":8,"minecraft:birch_planks":12,"minecraft:dark_oak_slab":6,"minecraft:cherry_planks":4,"minecraft:crimson_planks":4,"minecraft:mangrove_planks":8,"minecraft:jungle_planks":12,"minecraft:acacia_planks":4},"minecraft:killed":{"minecraft:tropical_fish":1,"minecraft:breeze":1,"minecraft:vex":1},"minecraft:picked_up":{"minecraft:blue_candle":1,"minecraft:seagrass":1,"minecraft:creeper_head":1,"minecraft:magenta_carpet":1,"minecraft:birch_button":1,"minecraft:trial_key":1,"minecraft:melon_slice":1,"minecraft:bamboo_chest_raft":1,"minecraft:spruce_pressure_plate":1,"minecraft:composter":1,"minecraft:warped_door":1,"minecraft:brown_carpet":3,"minecraft:horn_coral_fan":1,"minecraft:lime_carpet":4,"minecraft:tuff_brick_wall":128,"minecraft:birch_log":1,"minecraft:barrier":1,"minecraft:cyan_concrete_powder":1,"minecraft:brown_candle":1,"minecraft:light_gray_concrete_powder":1,"minecraft:purple_carpet":1,"minecraft:magenta_candle":1,"minecraft:ink_sac":1,"minecraft:spruce_button":1,"minecraft:light_gray_carpet":1,"minecraft:ominous_trial_key":1,"minecraft:mud":1,"minecraft:tuff_brick_slab":128,"minecraft:ominous_bottle":1,"minecraft:redstone_lamp":1,"minecraft:wind_charge":66,"minecraft:chiseled_copper":128,"minecraft:oak_door":1,"minecraft:copper_bulb":128,"minecraft:mace":1,"minecraft:flow_armor_trim_smithing_template":1,"minecraft:mutton":1,"minecraft:white_wool":1,"minecraft:red_glazed_terracotta":1,"minecraft:paper":13,"minecraft:blue_bed":1,"minecraft:birch_pressure_plate":1,"minecraft:light_blue_banner":1,"minecraft:tall_grass":1,"minecraft:glass_bottle":1,"minecraft:tide_armor_trim_smithing_template":1,"minecraft:copper_grate":128,"minecraft:lodestone":1,"minecraft:pink_dye":1,"minecraft:light_blue_concrete":1,"minecraft:redstone_block":13,"minecraft:potion":3,"minecraft:spruce_chest_boat":1,"minecraft:oxidized_chiseled_copper":128,"minecraft:oxidized_copper_trapdoor":128,"minecraft:oxidized_copper_grate":128,"minecraft:copper_door":128,"minecraft:green_wool":5,"minecraft:cherry_planks":1,"minecraft:oxidized_copper_bulb":128,"minecraft:dirt":3,"minecraft:oxidized_copper_door":128,"minecraft:stripped_birch_log":1,"minecraft:bone":2,"minecraft:copper_trapdoor":128,"minecraft:spruce_boat":1,"minecraft:breeze_rod":5,"minecraft:oak_leaves":1,"minecraft:nether_star":1,"minecraft:end_stone_brick_stairs":1,"minecraft:splash_potion":1,"minecraft:birch_fence":1,"minecraft:detector_rail":1,"minecraft:lectern":1,"minecraft:dark_oak_sapling":1,"minecraft:lime_wool":1,"minecraft:recovery_compass":1,"minecraft:stone_button":2,"minecraft:arrow":1,"minecraft:wet_sponge":1,"minecraft:birch_planks":1,"minecraft:bedrock":1,"minecraft:red_carpet":1,"minecraft:soul_sand":1,"minecraft:sculk_catalyst":1,"minecraft:bamboo_fence":1,"minecraft:heavy_core":1,"minecraft:white_bed":1,"minecraft:gray_banner":1,"minecraft:cherry_sapling":1,"minecraft:chiseled_tuff_bricks":128}},"DataVersion":3952}