{"stats":{"minecraft:killed_by":{"minecraft:player":1},"minecraft:killed":{"minecraft:cat":1},"minecraft:crafted":{"minecraft:warped_planks":4,"minecraft:oak_button":1,"minecraft:crafting_table":1,"minecraft:spruce_planks":4,"minecraft:birch_planks":8,"minecraft:bamboo_planks":2,"minecraft:stick":4,"minecraft:cherry_planks":8,"minecraft:wooden_sword":1,"minecraft:diamond":9,"minecraft:dark_oak_planks":4,"minecraft:crimson_planks":16,"minecraft:mangrove_planks":8,"minecraft:jungle_planks":8},"minecraft:dropped":{"minecraft:acacia_boat":1,"minecraft:glass_bottle":10,"minecraft:nether_star":1,"minecraft:jungle_hanging_sign":1,"minecraft:netherite_upgrade_smithing_template":1,"minecraft:warped_fungus_on_a_stick":1,"minecraft:shaper_armor_trim_smithing_template":1,"minecraft:leather":2,"minecraft:cherry_hanging_sign":1,"minecraft:iron_horse_armor":2,"minecraft:bubble_coral_fan":1,"minecraft:polished_blackstone_brick_wall":1,"minecraft:flint":1,"minecraft:orange_carpet":1,"minecraft:netherite_scrap":1,"minecraft:brush":1,"minecraft:cherry_trapdoor":1,"minecraft:polished_blackstone_pressure_plate":1,"minecraft:black_stained_glass_pane":1,"minecraft:mojang_banner_pattern":1,"minecraft:cracked_deepslate_tiles":1,"minecraft:seagrass":1,"minecraft:horn_coral":1,"minecraft:jungle_sapling":1,"minecraft:amethyst_shard":1,"minecraft:wooden_sword":1,"minecraft:writable_book":1,"minecraft:bone_meal":2,"minecraft:fermented_spider_eye":1,"minecraft:gray_dye":1,"minecraft:diorite_slab":1,"minecraft:cyan_carpet":1,"minecraft:green_candle":1,"minecraft:stone_axe":1,"minecraft:crimson_fungus":2,"minecraft:goat_horn":1,"minecraft:silverfish_spawn_egg":1,"minecraft:iron_nugget":1,"minecraft:dead_brain_coral":1,"minecraft:detector_rail":1,"minecraft:nether_brick":1,"minecraft:yellow_wool":1,"minecraft:beetroot":1,"minecraft:lime_dye":1,"minecraft:music_disc_far":1,"minecraft:nether_brick_fence":1,"minecraft:ward_armor_trim_smithing_template":1,"minecraft:mangrove_fence":1,"minecraft:poppy":1,"minecraft:tipped_arrow":6,"minecraft:turtle_helmet":1,"minecraft:orange_banner":1,"minecraft:skeleton_skull":1,"minecraft:melon_seeds":1,"minecraft:music_disc_mall":1,"minecraft:leather_boots":1,"minecraft:birch_door":1,"minecraft:azalea":1,"minecraft:leather_leggings":1,"minecraft:brown_candle":1,"minecraft:powered_rail":1,"minecraft:water_bucket":1,"minecraft:crimson_pressure_plate":1,"minecraft:vine":1,"minecraft:cyan_dye":1,"minecraft:poisonous_potato":1,"minecraft:netherite_helmet":2,"minecraft:prismarine_shard":2,"minecraft:golden_axe":1,"minecraft:iron_helmet":1,"minecraft:prismarine_crystals":1,"minecraft:sheep_spawn_egg":1,"minecraft:frogspawn":2,"minecraft:purple_dye":1,"minecraft:orange_candle":1,"minecraft:yellow_carpet":1,"minecraft:oxeye_daisy":2,"minecraft:spruce_hanging_sign":2,"minecraft:leather_horse_armor":1,"minecraft:green_dye":1,"minecraft:melon_slice":1,"minecraft:rabbit":2,"minecraft:potion":1,"minecraft:armadillo_scute":2,"minecraft:white_banner":1,"minecraft:cyan_candle":1,"minecraft:flowering_azalea":1,"minecraft:paper":1,"minecraft:pink_petals":2,"minecraft:polished_deepslate_wall":1,"minecraft:gray_carpet":1,"minecraft:beetroot_soup":1,"minecraft:dandelion":1,"minecraft:crimson_hanging_sign":2,"minecraft:redstone":1,"minecraft:pink_tulip":2,"minecraft:netherite_hoe":1,"minecraft:dragon_head":1,"minecraft:nether_wart":2,"minecraft:bamboo_hanging_sign":1,"minecraft:white_carpet":1,"minecraft:suspicious_stew":4,"minecraft:purple_stained_glass":1,"minecraft:wolf_armor":1,"minecraft:dead_horn_coral_fan":1,"minecraft:peony":1,"minecraft:cake":1,"minecraft:oak_sapling":1,"minecraft:waxed_oxidized_cut_copper":1,"minecraft:small_dripleaf":1,"minecraft:stone_pressure_plate":1,"minecraft:birch_sign":2,"minecraft:brown_carpet":1,"minecraft:slime_ball":1,"minecraft:magenta_dye":1,"minecraft:raw_gold":1,"minecraft:globe_banner_pattern":1,"minecraft:red_tulip":2,"minecraft:music_disc_mellohi":1,"minecraft:magma_cube_spawn_egg":1,"minecraft:vex_armor_trim_smithing_template":1,"minecraft:brick":1},"minecraft:custom":{"minecraft:interact_with_crafting_table":1,"minecraft:open_shulker_box":1,"minecraft:leave_game":1,"minecraft:time_since_death":2659,"minecraft:sprint_one_cm":19252,"minecraft:drop":156,"minecraft:play_time":49634,"minecraft:deaths":7,"minecraft:jump":432,"minecraft:walk_on_water_one_cm":7,"minecraft:open_enderchest":1,"minecraft:damage_dealt":540,"minecraft:player_kills":2,"minecraft:crouch_one_cm":67251,"minecraft:mob_kills":3,"minecraft:walk_one_cm":20542,"minecraft:sneak_time":27179,"minecraft:total_world_time":49634,"minecraft:time_since_rest":2660,"minecraft:damage_taken":3782,"minecraft:damage_absorbed":40,"minecraft:trigger_trapped_chest":1,"minecraft:fly_one_cm":61128,"minecraft:fall_one_cm":17189},"minecraft:mined":{"minecraft:deepslate_tile_wall":1,"minecraft:stripped_dark_oak_wood":1,"minecraft:purple_carpet":1,"minecraft:cut_red_sandstone":1,"minecraft:granite_wall":1,"minecraft:sculk":1,"minecraft:lime_bed":1,"minecraft:coarse_dirt":1,"minecraft:light_blue_bed":1,"minecraft:white_carpet":1},"minecraft:used":{"minecraft:light_blue_banner":1,"minecraft:light_blue_stained_glass_pane":1,"minecraft:blue_terracotta":1,"minecraft:jack_o_lantern":1,"minecraft:red_sand":1,"minecraft:polished_granite_stairs":2,"minecraft:light_gray_stained_glass_pane":1,"minecraft:ender_dragon_spawn_egg":1,"minecraft:dead_tube_coral_fan":1,"minecraft:red_sandstone_slab":1,"minecraft:spruce_slab":1,"minecraft:ladder":1,"minecraft:oak_sign":1,"minecraft:donkey_spawn_egg":1,"minecraft:white_shulker_box":1,"minecraft:warped_sign":1,"minecraft:smooth_sandstone_stairs":1,"minecraft:tube_coral":1,"minecraft:green_terracotta":1,"minecraft:spruce_leaves":1,"minecraft:oxidized_cut_copper":1,"minecraft:soul_campfire":2,"minecraft:chiseled_red_sandstone":1,"minecraft:stray_spawn_egg":1,"minecraft:cut_copper":1,"minecraft:orange_glazed_terracotta":1,"minecraft:jungle_planks":8,"minecraft:prismarine_brick_stairs":1,"minecraft:deepslate_tile_slab":1,"minecraft:pink_terracotta":1,"minecraft:beehive":1,"minecraft:snowball":1,"minecraft:milk_bucket":1,"minecraft:polished_deepslate_stairs":1,"minecraft:warden_spawn_egg":2,"minecraft:spruce_boat":1,"minecraft:wandering_trader_spawn_egg":1,"minecraft:waxed_oxidized_copper":1,"minecraft:packed_ice":2,"minecraft:honey_block":1,"minecraft:stripped_dark_oak_wood":1,"minecraft:lime_banner":1,"minecraft:villager_spawn_egg":2,"minecraft:mangrove_stairs":2,"minecraft:black_stained_glass_pane":1,"minecraft:grass_block":1,"minecraft:panda_spawn_egg":1,"minecraft:orange_shulker_box":1,"minecraft:polished_andesite_stairs":1,"minecraft:packed_mud":1,"minecraft:green_wool":1,"minecraft:wet_sponge":1,"minecraft:warped_nylium":1,"minecraft:iron_helmet":1,"minecraft:cherry_button":1,"minecraft:light_blue_bed":1,"minecraft:gray_concrete_powder":2,"minecraft:tropical_fish_spawn_egg":1,"minecraft:diorite_wall":1,"minecraft:stone_brick_stairs":1,"minecraft:blue_banner":1,"minecraft:birch_trapdoor":1,"minecraft:red_stained_glass_pane":1,"minecraft:bow":2,"minecraft:horn_coral":1,"minecraft:hay_block":1,"minecraft:yellow_glazed_terracotta":1,"minecraft:blue_shulker_box":1,"minecraft:cooked_cod":1,"minecraft:oxidized_cut_copper_stairs":1,"minecraft:mangrove_slab":2,"minecraft:polished_diorite_stairs":1,"minecraft:skeleton_skull":2,"minecraft:gray_banner":1,"minecraft:pink_concrete_powder":2,"minecraft:green_stained_glass_pane":1,"minecraft:magenta_shulker_box":1,"minecraft:deepslate_brick_wall":1,"minecraft:golden_boots":1,"minecraft:armadillo_spawn_egg":1,"minecraft:emerald_ore":1,"minecraft:bamboo_trapdoor":1,"minecraft:leather_leggings":1,"minecraft:tube_coral_fan":1,"minecraft:bamboo_mosaic":2,"minecraft:diamond_boots":1,"minecraft:warped_fungus_on_a_stick":1,"minecraft:birch_leaves":1,"minecraft:gray_carpet":1,"minecraft:jungle_fence":1,"minecraft:mangrove_planks":4,"minecraft:blackstone":1,"minecraft:wooden_pickaxe":3,"minecraft:sandstone":1,"minecraft:structure_void":1,"minecraft:composter":1,"minecraft:blue_bed":1,"minecraft:clay":1,"minecraft:calibrated_sculk_sensor":1,"minecraft:oak_leaves":1,"minecraft:bamboo_stairs":2,"minecraft:golden_apple":1,"minecraft:purpur_stairs":1,"minecraft:lime_stained_glass_pane":3,"minecraft:netherite_helmet":2,"minecraft:chiseled_quartz_block":1,"minecraft:purple_terracotta":1,"minecraft:dripstone_block":1,"minecraft:note_block":1,"minecraft:skeleton_horse_spawn_egg":1,"minecraft:lingering_potion":7,"minecraft:black_concrete_powder":1,"minecraft:end_stone":1,"minecraft:purple_concrete_powder":1,"minecraft:birch_fence":1,"minecraft:deepslate_tiles":1,"minecraft:sticky_piston":1,"minecraft:black_terracotta":1,"minecraft:green_concrete":1,"minecraft:lever":1,"minecraft:blue_glazed_terracotta":1,"minecraft:red_sandstone":2,"minecraft:mangrove_door":3,"minecraft:crying_obsidian":1,"minecraft:gray_shulker_box":1,"minecraft:zombie_head":2,"minecraft:cyan_bed":3,"minecraft:warped_slab":1,"minecraft:lectern":1,"minecraft:red_terracotta":2,"minecraft:cherry_sign":2,"minecraft:diamond_ore":2,"minecraft:cut_red_sandstone":2,"minecraft:prismarine_wall":1,"minecraft:cat_spawn_egg":1,"minecraft:flowering_azalea_leaves":1,"minecraft:golden_helmet":2,"minecraft:magenta_stained_glass_pane":1,"minecraft:ocelot_spawn_egg":1,"minecraft:nether_wart_block":1,"minecraft:wooden_sword":3,"minecraft:exposed_cut_copper":2,"minecraft:smithing_table":1,"minecraft:dark_oak_fence":1,"minecraft:white_stained_glass":1,"minecraft:crimson_door":1,"minecraft:deepslate_coal_ore":2,"minecraft:chain":2,"minecraft:white_concrete":1,"minecraft:tropical_fish_bucket":1,"minecraft:coarse_dirt":4,"minecraft:purple_wool":2,"minecraft:gray_stained_glass":1,"minecraft:oak_trapdoor":1,"minecraft:purpur_block":2,"minecraft:trident":3,"minecraft:stone_sword":2,"minecraft:trader_llama_spawn_egg":1,"minecraft:granite_stairs":1,"minecraft:dead_tube_coral_block":2,"minecraft:orange_concrete":1,"minecraft:cracked_deepslate_bricks":1,"minecraft:armor_stand":1,"minecraft:red_concrete":1,"minecraft:pufferfish_spawn_egg":1,"minecraft:zombie_villager_spawn_egg":1,"minecraft:wither_spawn_egg":1,"minecraft:mycelium":1,"minecraft:spruce_planks":4,"minecraft:ender_chest":1,"minecraft:sculk":1,"minecraft:netherrack":1,"minecraft:dried_kelp_block":1,"minecraft:cut_copper_stairs":1,"minecraft:oak_door":1,"minecraft:bee_spawn_egg":1,"minecraft:orange_bed":1,"minecraft:dirt":2,"minecraft:white_carpet":2,"minecraft:hopper":1,"minecraft:warped_door":1,"minecraft:polished_granite_slab":2,"minecraft:golden_chestplate":1,"minecraft:pink_carpet":1,"minecraft:granite":1,"minecraft:dead_brain_coral_block":2,"minecraft:mossy_cobblestone_stairs":1,"minecraft:dark_oak_planks":4,"minecraft:ravager_spawn_egg":1,"minecraft:brown_terracotta":1,"minecraft:bamboo_fence":1,"minecraft:cyan_shulker_box":1,"minecraft:waxed_cut_copper":1,"minecraft:yellow_stained_glass":1,"minecraft:iron_axe":2,"minecraft:muddy_mangrove_roots":1,"minecraft:cherry_slab":1,"minecraft:brick_stairs":1,"minecraft:smooth_sandstone":1,"minecraft:cherry_fence_gate":1,"minecraft:mud_bricks":1,"minecraft:crimson_planks":16,"minecraft:waxed_exposed_cut_copper_slab":1,"minecraft:smooth_basalt":2,"minecraft:yellow_concrete_powder":1,"minecraft:light_gray_wool":1,"minecraft:purple_concrete":1,"minecraft:weathered_cut_copper":1,"minecraft:raw_copper_block":1,"minecraft:warped_stairs":1,"minecraft:sniffer_spawn_egg":1,"minecraft:magenta_wool":2,"minecraft:magenta_terracotta":1,"minecraft:goat_horn":11,"minecraft:deepslate_tile_stairs":1,"minecraft:salmon_spawn_egg":1,"minecraft:trapped_chest":1,"minecraft:granite_wall":2,"minecraft:cobbled_deepslate":1,"minecraft:observer":1,"minecraft:pumpkin":1,"minecraft:bamboo_planks":2,"minecraft:deepslate_emerald_ore":1,"minecraft:quartz_bricks":1,"minecraft:water_bucket":1,"minecraft:cobblestone_stairs":1,"minecraft:lodestone":2,"minecraft:prismarine_brick_slab":2,"minecraft:birch_planks":8,"minecraft:polished_andesite":1,"minecraft:cyan_candle":1,"minecraft:copper_block":1,"minecraft:blue_wool":1,"minecraft:andesite_slab":1,"minecraft:cherry_planks":4,"minecraft:blue_concrete_powder":1,"minecraft:cauldron":1,"minecraft:llama_spawn_egg":1,"minecraft:green_bed":1,"minecraft:cobblestone_slab":1,"minecraft:leather_boots":1,"minecraft:conduit":1,"minecraft:waxed_copper_block":2,"minecraft:gilded_blackstone":1,"minecraft:waxed_exposed_copper":1,"minecraft:pink_concrete":1,"minecraft:polished_blackstone_pressure_plate":1,"minecraft:diamond_block":1,"minecraft:crafting_table":1,"minecraft:lime_bed":2,"minecraft:magenta_bed":1,"minecraft:birch_sign":1,"minecraft:phantom_spawn_egg":1,"minecraft:sculk_shrieker":2,"minecraft:white_bed":1,"minecraft:painting":1,"minecraft:mangrove_sign":1,"minecraft:piglin_head":1,"minecraft:warped_planks":5,"minecraft:bat_spawn_egg":1,"minecraft:cyan_stained_glass":2,"minecraft:deepslate_tile_wall":3,"minecraft:light_blue_candle":1,"minecraft:mud":2,"minecraft:gray_terracotta":1,"minecraft:piston":3,"minecraft:activator_rail":1,"minecraft:black_wool":1,"minecraft:apple":1,"minecraft:cherry_door":1,"minecraft:acacia_sign":2,"minecraft:chicken":1,"minecraft:pig_spawn_egg":1,"minecraft:lapis_ore":2,"minecraft:spruce_pressure_plate":1,"minecraft:jungle_stairs":1,"minecraft:leather_helmet":1,"minecraft:magenta_concrete_powder":1,"minecraft:bamboo_slab":1,"minecraft:budding_amethyst":1,"minecraft:crimson_nylium":1,"minecraft:yellow_wool":2,"minecraft:crimson_sign":1,"minecraft:fishing_rod":10,"minecraft:fire_coral_block":1,"minecraft:cobblestone":1,"minecraft:potion":10,"minecraft:purple_bed":1,"minecraft:turtle_helmet":2,"minecraft:pink_shulker_box":2,"minecraft:warped_fence_gate":1,"minecraft:andesite_stairs":1,"minecraft:bucket":2,"minecraft:sandstone_slab":1,"minecraft:glass_pane":1,"minecraft:purple_carpet":2,"minecraft:jukebox":1,"minecraft:smooth_stone":1,"minecraft:splash_potion":12},"minecraft:picked_up":{"minecraft:seagrass":1,"minecraft:yellow_wool":1,"minecraft:deepslate_tile_wall":1,"minecraft:shaper_armor_trim_smithing_template":1,"minecraft:armadillo_scute":1,"minecraft:purple_carpet":1,"minecraft:granite_wall":1,"minecraft:jungle_planks":1,"minecraft:ink_sac":1,"minecraft:coarse_dirt":1,"minecraft:white_carpet":1,"minecraft:light_blue_bed":1,"minecraft:cut_red_sandstone":1}},"DataVersion":3951}