{"stats":{"minecraft:killed":{"minecraft:snow_golem":1},"minecraft:killed_by":{"minecraft:player":1,"minecraft:wither":1},"minecraft:dropped":{"minecraft:porkchop":1,"minecraft:llama_spawn_egg":1,"minecraft:glass_bottle":4,"minecraft:crafting_table":1,"minecraft:cookie":1,"minecraft:tide_armor_trim_smithing_template":1,"minecraft:lantern":1,"minecraft:iron_horse_armor":1,"minecraft:sentry_armor_trim_smithing_template":1,"minecraft:item_frame":1,"minecraft:music_disc_11":1,"minecraft:netherite_scrap":1,"minecraft:mojang_banner_pattern":1,"minecraft:cornflower":1,"minecraft:seagrass":1,"minecraft:netherite_boots":1,"minecraft:jungle_sapling":1,"minecraft:deepslate_coal_ore":1,"minecraft:glistering_melon_slice":1,"minecraft:birch_log":1,"minecraft:gray_dye":1,"minecraft:bone":1,"minecraft:music_disc_blocks":1,"minecraft:white_tulip":1,"minecraft:goat_horn":1,"minecraft:iron_nugget":2,"minecraft:nether_brick":1,"minecraft:pink_dye":1,"minecraft:diorite_stairs":1,"minecraft:rotten_flesh":1,"minecraft:cooked_mutton":1,"minecraft:rabbit_foot":1,"minecraft:tipped_arrow":1,"minecraft:gunpowder":2,"minecraft:charcoal":2,"minecraft:lingering_potion":1,"minecraft:chainmail_boots":2,"minecraft:quartz":1,"minecraft:splash_potion":1,"minecraft:spruce_chest_boat":1,"minecraft:torchflower":1,"minecraft:golden_horse_armor":1,"minecraft:minecart":1,"minecraft:cyan_dye":1,"minecraft:oxidized_cut_copper":1,"minecraft:mangrove_propagule":1,"minecraft:prismarine_crystals":1,"minecraft:pufferfish":1,"minecraft:diamond_horse_armor":1,"minecraft:black_candle":1,"minecraft:ink_sac":1,"minecraft:leather_horse_armor":1,"minecraft:cooked_salmon":1,"minecraft:potion":1,"minecraft:music_disc_ward":1,"minecraft:wither_rose":1,"minecraft:heart_of_the_sea":1,"minecraft:flowering_azalea":1,"minecraft:music_disc_cat":1,"minecraft:pink_tulip":1,"minecraft:jungle_fence_gate":1,"minecraft:nether_wart":1,"minecraft:bowl":2,"minecraft:tall_grass":2,"minecraft:bamboo_button":1,"minecraft:structure_block":2,"minecraft:yellow_candle":1,"minecraft:debug_stick":1,"minecraft:pumpkin_seeds":2,"minecraft:light_blue_dye":1,"minecraft:snow":1,"minecraft:allium":1,"minecraft:iron_chestplate":1,"minecraft:light_blue_carpet":1,"minecraft:dead_fire_coral":1,"minecraft:golden_leggings":1,"minecraft:small_dripleaf":1,"minecraft:bamboo":1,"minecraft:globe_banner_pattern":1,"minecraft:red_tulip":1},"minecraft:crafted":{"minecraft:oak_planks":8,"minecraft:crafting_table":1,"minecraft:birch_planks":12,"minecraft:cherry_planks":8,"minecraft:diamond":9,"minecraft:dark_oak_planks":12,"minecraft:crimson_planks":4,"minecraft:mangrove_planks":8,"minecraft:jungle_planks":8,"minecraft:diamond_chestplate":1},"minecraft:custom":{"minecraft:interact_with_crafting_table":1,"minecraft:open_shulker_box":4,"minecraft:time_since_death":48238,"minecraft:sprint_one_cm":93775,"minecraft:drop":90,"minecraft:play_time":115399,"minecraft:deaths":6,"minecraft:jump":1139,"minecraft:walk_on_water_one_cm":528,"minecraft:play_record":29,"minecraft:damage_dealt":341,"minecraft:player_kills":1,"minecraft:crouch_one_cm":60159,"minecraft:use_cauldron":1,"minecraft:mob_kills":2,"minecraft:interact_with_anvil":1,"minecraft:fill_cauldron":1,"minecraft:climb_one_cm":214,"minecraft:walk_one_cm":85339,"minecraft:sneak_time":23018,"minecraft:walk_under_water_one_cm":3614,"minecraft:boat_one_cm":13,"minecraft:total_world_time":115399,"minecraft:time_since_rest":48239,"minecraft:damage_taken":2569,"minecraft:swim_one_cm":1020,"minecraft:fly_one_cm":997582,"minecraft:open_chest":4,"minecraft:fall_one_cm":12101},"minecraft:mined":{"minecraft:sculk_vein":1,"minecraft:fire":2,"minecraft:orange_bed":1,"minecraft:oak_log":1,"minecraft:cherry_planks":1,"minecraft:blue_bed":1},"minecraft:used":{"minecraft:moss_block":205,"minecraft:tuff_bricks":1,"minecraft:nether_brick_fence":1,"minecraft:purple_candle":2,"minecraft:polished_deepslate":4,"minecraft:heavy_core":36,"minecraft:chiseled_tuff":1,"minecraft:dead_tube_coral_fan":2,"minecraft:diamond_hoe":6,"minecraft:bone_block":4,"minecraft:decorated_pot":2,"minecraft:green_banner":1,"minecraft:stone":8,"minecraft:iron_sword":1,"minecraft:white_shulker_box":1,"minecraft:stripped_crimson_stem":1,"minecraft:waxed_weathered_cut_copper_stairs":1,"minecraft:green_terracotta":67,"minecraft:iron_chestplate":1,"minecraft:spruce_leaves":1,"minecraft:birch_pressure_plate":2,"minecraft:skeleton_spawn_egg":1,"minecraft:jungle_planks":4,"minecraft:deepslate_brick_slab":1,"minecraft:beehive":2,"minecraft:snowball":10,"minecraft:weeping_vines":1,"minecraft:milk_bucket":1,"minecraft:honey_bottle":2,"minecraft:packed_ice":2,"minecraft:honey_block":1,"minecraft:cyan_terracotta":3,"minecraft:lava_bucket":2,"minecraft:quartz_pillar":1,"minecraft:jungle_fence_gate":1,"minecraft:grass_block":75,"minecraft:packed_mud":2,"minecraft:green_wool":15,"minecraft:wet_sponge":1,"minecraft:tropical_fish_spawn_egg":2,"minecraft:stone_bricks":1,"minecraft:item_frame":1,"minecraft:netherite_boots":1,"minecraft:bedrock":24,"minecraft:deepslate_diamond_ore":1,"minecraft:vault":1,"minecraft:honeycomb_block":1,"minecraft:brown_carpet":1,"minecraft:dark_oak_boat":1,"minecraft:blue_shulker_box":1,"minecraft:jungle_button":1,"minecraft:yellow_glazed_terracotta":1,"minecraft:gray_bed":1,"minecraft:acacia_fence":1,"minecraft:gold_block":1,"minecraft:skeleton_skull":1,"minecraft:green_stained_glass_pane":1,"minecraft:stripped_spruce_wood":5,"minecraft:short_grass":10,"minecraft:zombie_horse_spawn_egg":2,"minecraft:leather_leggings":2,"minecraft:tube_coral_fan":2,"minecraft:bamboo_mosaic":17,"minecraft:end_rod":2,"minecraft:end_stone_bricks":1,"minecraft:cow_spawn_egg":1,"minecraft:red_stained_glass":1,"minecraft:elder_guardian_spawn_egg":1,"minecraft:birch_leaves":1,"minecraft:jungle_fence":1,"minecraft:prismarine":1,"minecraft:stone_pickaxe":2,"minecraft:blackstone_stairs":1,"minecraft:mangrove_planks":10,"minecraft:oak_planks":8,"minecraft:prismarine_stairs":1,"minecraft:blackstone":1,"minecraft:ender_pearl":2,"minecraft:fox_spawn_egg":1,"minecraft:black_glazed_terracotta":1,"minecraft:blue_bed":2,"minecraft:white_wool":2,"minecraft:purpur_stairs":2,"minecraft:sand":11,"minecraft:yellow_terracotta":1,"minecraft:light_blue_concrete":1,"minecraft:blast_furnace":1,"minecraft:black_banner":1,"minecraft:yellow_concrete":1,"minecraft:cave_spider_spawn_egg":1,"minecraft:sponge":10,"minecraft:chiseled_quartz_block":1,"minecraft:ochre_froglight":1,"minecraft:lingering_potion":6,"minecraft:gray_concrete":2,"minecraft:shears":1,"minecraft:black_concrete_powder":1,"minecraft:deepslate_lapis_ore":1,"minecraft:end_stone":8,"minecraft:red_sandstone_wall":1,"minecraft:bamboo_button":1,"minecraft:deepslate_brick_stairs":1,"minecraft:exposed_copper":1,"minecraft:purple_concrete_powder":1,"minecraft:polished_tuff":78,"minecraft:redstone_torch":1,"minecraft:black_terracotta":1,"minecraft:green_concrete":12,"minecraft:black_concrete":1,"minecraft:firework_rocket":2,"minecraft:chiseled_sandstone":1,"minecraft:zombie_head":1,"minecraft:barrier":202,"minecraft:breeze_spawn_egg":1,"minecraft:brown_wool":4,"minecraft:string":5,"minecraft:brown_stained_glass":1,"minecraft:light_gray_candle":1,"minecraft:stone_button":6,"minecraft:lectern":1,"minecraft:iron_door":1,"minecraft:granite_slab":1,"minecraft:chiseled_tuff_bricks":1,"minecraft:smooth_red_sandstone_slab":1,"minecraft:coal_block":1,"minecraft:smithing_table":1,"minecraft:medium_amethyst_bud":1,"minecraft:bubble_coral_block":1,"minecraft:white_stained_glass":181,"minecraft:green_concrete_powder":1,"minecraft:andesite":2,"minecraft:white_concrete":2,"minecraft:coarse_dirt":1,"minecraft:purple_wool":7,"minecraft:diorite_slab":1,"minecraft:gray_stained_glass":1,"minecraft:orange_concrete_powder":1,"minecraft:acacia_log":1,"minecraft:stone_sword":2,"minecraft:waxed_weathered_copper":1,"minecraft:crimson_fence":1,"minecraft:cracked_deepslate_bricks":1,"minecraft:red_concrete":1,"minecraft:mangrove_chest_boat":1,"minecraft:light_gray_carpet":1,"minecraft:wither_spawn_egg":1,"minecraft:light_blue_terracotta":5,"minecraft:spruce_planks":10,"minecraft:ender_chest":1,"minecraft:mangrove_fence":1,"minecraft:trial_key":1,"minecraft:bamboo_door":1,"minecraft:netherrack":1,"minecraft:green_glazed_terracotta":2,"minecraft:orange_bed":1,"minecraft:light_gray_shulker_box":1,"minecraft:brewing_stand":2,"minecraft:dirt":178,"minecraft:target":1,"minecraft:red_nether_brick_slab":1,"minecraft:cherry_pressure_plate":1,"minecraft:nether_quartz_ore":1,"minecraft:cobblestone_wall":1,"minecraft:shulker_box":1,"minecraft:cod_bucket":1,"minecraft:warped_door":1,"minecraft:oak_wood":5,"minecraft:bee_nest":1,"minecraft:raw_iron_block":4,"minecraft:glow_lichen":3,"minecraft:polished_granite_slab":1,"minecraft:granite":1,"minecraft:blue_concrete":1,"minecraft:mud_brick_stairs":5,"minecraft:fern":1,"minecraft:shroomlight":1,"minecraft:stone_brick_slab":1,"minecraft:dark_oak_planks":12,"minecraft:light_weighted_pressure_plate":1,"minecraft:slime_block":1,"minecraft:polished_deepslate_wall":1,"minecraft:smooth_quartz":1,"minecraft:cherry_fence_gate":1,"minecraft:mud_bricks":40,"minecraft:crimson_planks":5,"minecraft:prismarine_slab":1,"minecraft:smooth_basalt":8,"minecraft:light_gray_wool":1,"minecraft:tadpole_bucket":1,"minecraft:black_stained_glass":1,"minecraft:soul_soil":3,"minecraft:gray_glazed_terracotta":1,"minecraft:pitcher_plant":1,"minecraft:dark_oak_pressure_plate":1,"minecraft:goat_horn":7,"minecraft:podzol":1,"minecraft:crimson_pressure_plate":2,"minecraft:dead_bubble_coral_block":1,"minecraft:cherry_fence":1,"minecraft:observer":1,"minecraft:pumpkin":1,"minecraft:hanging_roots":1,"minecraft:horn_coral_fan":1,"minecraft:pointed_dripstone":1,"minecraft:deepslate_emerald_ore":1,"minecraft:crimson_hanging_sign":1,"minecraft:quartz_bricks":1,"minecraft:water_bucket":3,"minecraft:light_blue_shulker_box":1,"minecraft:amethyst_block":1,"minecraft:light_blue_glazed_terracotta":1,"minecraft:pink_glazed_terracotta":1,"minecraft:snow_block":1,"minecraft:rabbit":1,"minecraft:birch_planks":12,"minecraft:polished_andesite":32,"minecraft:netherite_chestplate":1,"minecraft:lime_wool":5,"minecraft:mud_brick_slab":4,"minecraft:smooth_sandstone_slab":1,"minecraft:copper_block":1,"minecraft:cherry_planks":9,"minecraft:cut_sandstone":1,"minecraft:blue_concrete_powder":1,"minecraft:cauldron":2,"minecraft:sheep_spawn_egg":1,"minecraft:fletching_table":1,"minecraft:chiseled_nether_bricks":1,"minecraft:red_glazed_terracotta":8,"minecraft:gold_ore":1,"minecraft:snow_golem_spawn_egg":2,"minecraft:waxed_copper_block":1,"minecraft:cracked_stone_bricks":1,"minecraft:bamboo_mosaic_stairs":1,"minecraft:mossy_cobblestone":1,"minecraft:terracotta":5,"minecraft:crafting_table":2,"minecraft:red_bed":2,"minecraft:birch_sign":1,"minecraft:bamboo_block":28,"minecraft:light_gray_concrete_powder":2,"minecraft:painting":2,"minecraft:smoker":1,"minecraft:warped_planks":1,"minecraft:bamboo_fence_gate":1,"minecraft:small_amethyst_bud":2,"minecraft:oak_log":1,"minecraft:mud":2,"minecraft:netherite_block":1,"minecraft:flower_pot":2,"minecraft:warped_trapdoor":1,"minecraft:waxed_exposed_cut_copper_stairs":2,"minecraft:cherry_door":1,"minecraft:wind_charge":83,"minecraft:suspicious_stew":2,"minecraft:copper_grate":2,"minecraft:detector_rail":1,"minecraft:jungle_stairs":2,"minecraft:spruce_trapdoor":1,"minecraft:crimson_nylium":1,"minecraft:golden_leggings":1,"minecraft:crimson_sign":1,"minecraft:pink_petals":7,"minecraft:chiseled_stone_bricks":1,"minecraft:cobblestone":2,"minecraft:potion":3,"minecraft:azalea_leaves":1,"minecraft:orange_banner":1,"minecraft:purple_bed":1,"minecraft:cobbled_deepslate_slab":1,"minecraft:acacia_pressure_plate":1,"minecraft:white_banner":1,"minecraft:warped_fence_gate":1,"minecraft:bucket":6,"minecraft:yellow_bed":1,"minecraft:purple_carpet":1,"minecraft:sculk_vein":1,"minecraft:brown_mushroom_block":10,"minecraft:jukebox":7,"minecraft:splash_potion":9,"minecraft:chainmail_leggings":1},"minecraft:picked_up":{"minecraft:crimson_planks":1,"minecraft:deepslate_tiles":1,"minecraft:bubble_coral":1,"minecraft:crimson_pressure_plate":1,"minecraft:music_disc_pigstep":1,"minecraft:vine":1,"minecraft:green_wool":1,"minecraft:brown_wool":2,"minecraft:light_gray_concrete_powder":1,"minecraft:sand":1,"minecraft:splash_potion":2,"minecraft:music_disc_creator":1,"minecraft:item_frame":1,"minecraft:cyan_carpet":1,"minecraft:minecart":1,"minecraft:music_disc_relic":1,"minecraft:music_disc_creator_music_box":21,"minecraft:oak_log":1,"minecraft:waxed_copper_block":1,"minecraft:blue_bed":1,"minecraft:paper":2,"minecraft:witch_spawn_egg":1}},"DataVersion":3951}