{"stats":{"minecraft:custom":{"minecraft:mob_kills":1,"minecraft:open_shulker_box":3,"minecraft:leave_game":32,"minecraft:time_since_death":26847,"minecraft:climb_one_cm":172,"minecraft:sprint_one_cm":36289,"minecraft:walk_one_cm":68324,"minecraft:drop":9,"minecraft:play_time":906376,"minecraft:deaths":61,"minecraft:sneak_time":7184,"minecraft:jump":361,"minecraft:total_world_time":908521,"minecraft:interact_with_loom":1,"minecraft:time_since_rest":26848,"minecraft:damage_absorbed":80,"minecraft:open_enderchest":1,"minecraft:damage_taken":21920,"minecraft:damage_dealt":265,"minecraft:interact_with_beacon":1,"minecraft:fly_one_cm":283644,"minecraft:open_chest":1,"minecraft:crouch_one_cm":18849,"minecraft:fall_one_cm":182183},"minecraft:mined":{"minecraft:red_carpet":1},"minecraft:dropped":{"minecraft:magenta_bed":1,"minecraft:potion":2,"minecraft:sunflower":1,"minecraft:green_glazed_terracotta":1,"minecraft:music_disc_5":1,"minecraft:tipped_arrow":1,"minecraft:lingering_potion":1,"minecraft:spruce_pressure_plate":1},"minecraft:killed_by":{"minecraft:player":3},"minecraft:used":{"minecraft:diorite_stairs":1,"minecraft:purpur_block":1,"minecraft:jungle_leaves":1,"minecraft:polished_blackstone_brick_slab":1,"minecraft:crimson_fence":1,"minecraft:melon":1,"minecraft:red_concrete":1,"minecraft:red_sandstone_slab":2,"minecraft:stone_shovel":2,"minecraft:ladder":1,"minecraft:stripped_warped_stem":1,"minecraft:spruce_planks":1,"minecraft:chest":1,"minecraft:donkey_spawn_egg":1,"minecraft:white_terracotta":1,"minecraft:ender_chest":2,"minecraft:white_shulker_box":1,"minecraft:quartz_stairs":2,"minecraft:stripped_birch_wood":1,"minecraft:mossy_stone_brick_slab":1,"minecraft:smooth_sandstone_stairs":1,"minecraft:tube_coral":1,"minecraft:waxed_weathered_cut_copper_stairs":1,"minecraft:stripped_crimson_stem":1,"minecraft:light_gray_shulker_box":1,"minecraft:soul_sand":1,"minecraft:stray_spawn_egg":1,"minecraft:blue_stained_glass":2,"minecraft:nether_quartz_ore":1,"minecraft:prismarine_bricks":1,"minecraft:jungle_planks":3,"minecraft:cobblestone_wall":1,"minecraft:crimson_hyphae":1,"minecraft:deepslate_tile_slab":3,"minecraft:dead_tube_coral":1,"minecraft:pink_terracotta":1,"minecraft:beehive":2,"minecraft:spruce_fence":1,"minecraft:mud_brick_stairs":1,"minecraft:stripped_spruce_log":1,"minecraft:birch_door":1,"minecraft:dark_oak_planks":1,"minecraft:waxed_oxidized_copper":1,"minecraft:crimson_button":1,"minecraft:honey_block":1,"minecraft:sea_lantern":1,"minecraft:red_wool":1,"minecraft:jungle_fence_gate":1,"minecraft:warped_hyphae":1,"minecraft:yellow_stained_glass":1,"minecraft:light_weighted_pressure_plate":1,"minecraft:rooted_dirt":1,"minecraft:slime_block":1,"minecraft:polished_andesite_stairs":1,"minecraft:wet_sponge":1,"minecraft:polished_blackstone_brick_stairs":1,"minecraft:tropical_fish_spawn_egg":1,"minecraft:totem_of_undying":1,"minecraft:pink_stained_glass_pane":1,"minecraft:crimson_planks":1,"minecraft:barrel":1,"minecraft:waxed_exposed_cut_copper_slab":1,"minecraft:light_gray_wool":1,"minecraft:bedrock":1,"minecraft:diamond_chestplate":1,"minecraft:birch_trapdoor":1,"minecraft:glowstone":1,"minecraft:exposed_cut_copper_slab":1,"minecraft:red_carpet":2,"minecraft:brown_carpet":1,"minecraft:raw_copper_block":2,"minecraft:magma_block":1,"minecraft:sniffer_spawn_egg":1,"minecraft:magenta_wool":1,"minecraft:mangrove_roots":1,"minecraft:emerald_block":1,"minecraft:magenta_terracotta":1,"minecraft:soul_soil":1,"minecraft:lime_stained_glass":1,"minecraft:goat_horn":3,"minecraft:oxidized_cut_copper_stairs":1,"minecraft:acacia_fence":1,"minecraft:gold_block":1,"minecraft:horn_coral_block":1,"minecraft:stone_pressure_plate":1,"minecraft:zombified_piglin_spawn_egg":1,"minecraft:acacia_planks":4,"minecraft:cobbled_deepslate":1,"minecraft:dragon_head":1,"minecraft:dark_prismarine_stairs":1,"minecraft:magenta_shulker_box":1,"minecraft:mangrove_leaves":1,"minecraft:light_blue_carpet":1,"minecraft:quartz_bricks":1,"minecraft:dark_oak_stairs":1,"minecraft:warped_stem":1,"minecraft:light_blue_shulker_box":1,"minecraft:cobblestone_stairs":1,"minecraft:spruce_door":3,"minecraft:prismarine_brick_slab":1,"minecraft:wither_skeleton_skull":1,"minecraft:prismarine":1,"minecraft:dark_oak_sign":1,"minecraft:polished_andesite":1,"minecraft:netherite_chestplate":1,"minecraft:copper_block":1,"minecraft:cherry_planks":1,"minecraft:chainmail_helmet":1,"minecraft:red_mushroom_block":1,"minecraft:redstone_block":15,"minecraft:spruce_sign":1,"minecraft:parrot_spawn_egg":1,"minecraft:clay":1,"minecraft:beacon":2,"minecraft:blue_bed":1,"minecraft:green_bed":1,"minecraft:deepslate_bricks":2,"minecraft:snow_golem_spawn_egg":1,"minecraft:pink_concrete":1,"minecraft:sand":1,"minecraft:purpur_stairs":1,"minecraft:stripped_dark_oak_log":1,"minecraft:cut_sandstone_slab":1,"minecraft:cyan_glazed_terracotta":1,"minecraft:loom":1,"minecraft:dead_fire_coral_block":1,"minecraft:light_blue_wool":6,"minecraft:deepslate_redstone_ore":1,"minecraft:sculk_shrieker":1,"minecraft:netherite_helmet":2,"minecraft:light_gray_concrete_powder":1,"minecraft:note_block":1,"minecraft:lingering_potion":2,"minecraft:black_bed":1,"minecraft:end_stone":2,"minecraft:red_sandstone_wall":1,"minecraft:bamboo_fence_gate":1,"minecraft:birch_fence":1,"minecraft:sticky_piston":1,"minecraft:black_terracotta":1,"minecraft:flower_pot":1,"minecraft:cherry_hanging_sign":1,"minecraft:crying_obsidian":1,"minecraft:zombie_head":1,"minecraft:cracked_polished_blackstone_bricks":1,"minecraft:bogged_spawn_egg":1,"minecraft:oxidized_copper_trapdoor":1,"minecraft:breeze_spawn_egg":1,"minecraft:barrier":7,"minecraft:brown_stained_glass":1,"minecraft:warped_slab":1,"minecraft:spruce_pressure_plate":1,"minecraft:jungle_stairs":2,"minecraft:polished_andesite_slab":1,"minecraft:yellow_wool":1,"minecraft:acacia_fence_gate":1,"minecraft:golden_helmet":1,"minecraft:dead_horn_coral":1,"minecraft:chiseled_copper":1,"minecraft:fire_coral_block":1,"minecraft:smooth_red_sandstone_slab":2,"minecraft:potion":1,"minecraft:exposed_cut_copper":1,"minecraft:red_banner":1,"minecraft:green_concrete_powder":28,"minecraft:deepslate_coal_ore":1,"minecraft:magenta_glazed_terracotta":1,"minecraft:husk_spawn_egg":1,"minecraft:gray_wool":1,"minecraft:sculk_catalyst":1,"minecraft:splash_potion":3,"minecraft:green_stained_glass":1},"minecraft:crafted":{"minecraft:acacia_planks":4},"minecraft:picked_up":{"minecraft:brown_mushroom":1,"minecraft:green_wool":2,"minecraft:leather":1,"minecraft:red_mushroom":1,"minecraft:dirt":1,"minecraft:red_carpet":1,"minecraft:ink_sac":2,"minecraft:oak_button":1}},"DataVersion":3952}